Scenario Name,Date,Real GDP growth,Nominal GDP growth,Real disposable income growth,Nominal disposable income growth,Unemployment rate,CPI inflation rate,3-month Treasury rate,5-year Treasury yield,10-year Treasury yield,BBB corporate yield,Mortgage rate,Prime rate,Dow Jones Total Stock Market Index (Level),House Price Index (Level),Commercial Real Estate Price Index (Level),Market Volatility Index (Level)
Actual,1976 Q1,0.5939490445859873,0.6269956458635703,0.38995215311004783,0.37759815242494227,0.4421052631578947,0.53125,0.3245033112582782,0.48299319727891166,0.49999999999999994,0.45282863269008744,0.40666666666666673,0.20588235294117646,0.2723480622985569,0.0,0.0,0.20427521008403368
Actual,1976 Q2,0.49363057324840764,0.5283018867924527,0.3576555023923445,0.33371824480369516,0.431578947368421,0.48828125,0.34437086092715236,0.48299319727891166,0.49999999999999994,0.45282863269008744,0.4,0.21176470588235297,0.2723480622985569,0.0024339360222531414,0.0029673590504450953,0.20427521008403368
Actual,1976 Q3,0.48089171974522293,0.5341074020319303,0.368421052631579,0.37759815242494227,0.4421052631578947,0.6015625,0.34437086092715236,0.4761904761904762,0.49999999999999994,0.45282863269008744,0.41333333333333333,0.22352941176470587,0.2723480622985569,0.004520166898470096,0.005605011539729643,0.20427521008403368
Actual,1976 Q4,0.49203821656050956,0.5761973875181421,0.361244019138756,0.3729792147806005,0.45263157894736833,0.578125,0.3112582781456954,0.4217687074829932,0.46428571428571425,0.45282863269008744,0.4,0.18823529411764706,0.2723480622985569,0.007997218358831715,0.00824266402901419,0.20427521008403368
Actual,1977 Q1,0.5222929936305732,0.5936139332365746,0.34090909090909094,0.3637413394919169,0.4210526315789474,0.640625,0.304635761589404,0.4421768707482993,0.47142857142857136,0.45282863269008744,0.3933333333333333,0.1764705882352941,0.2723480622985569,0.011474269819193333,0.013517969007583258,0.20427521008403368
Actual,1977 Q2,0.5732484076433121,0.629898403483309,0.37559808612440193,0.394919168591224,0.37894736842105253,0.62890625,0.31788079470198677,0.4421768707482993,0.4785714285714285,0.45282863269008744,0.4,0.18823529411764706,0.2723480622985569,0.01599443671766343,0.01681503461918893,0.20427521008403368
Actual,1977 Q3,0.5636942675159236,0.6081277213352684,0.39832535885167464,0.40762124711316394,0.3578947368421053,0.56640625,0.3642384105960265,0.4557823129251701,0.4785714285714285,0.45282863269008744,0.40666666666666673,0.21176470588235297,0.2723480622985569,0.019123783031988875,0.021101219914276298,0.20427521008403368
Actual,1977 Q4,0.445859872611465,0.5529753265602322,0.4246411483253589,0.4295612009237876,0.3368421052631579,0.58203125,0.40397350993377484,0.48299319727891166,0.49999999999999994,0.45282863269008744,0.40666666666666673,0.25882352941176473,0.2723480622985569,0.021905424200278162,0.02505769864820312,0.20427521008403368
Actual,1978 Q1,0.46656050955414013,0.529753265602322,0.368421052631579,0.38337182448036955,0.29473684210526313,0.625,0.42384105960264906,0.5102040816326531,0.5285714285714286,0.45282863269008744,0.42000000000000004,0.27647058823529413,0.2723480622985569,0.02642559109874827,0.029014177382129913,0.20427521008403368
Actual,1978 Q2,0.7070063694267517,0.7939042089985485,0.3815789473684211,0.418013856812933,0.2631578947368421,0.71484375,0.43046357615894043,0.5374149659863945,0.5428571428571428,0.45282863269008744,0.45333333333333337,0.2941176470588236,0.2723480622985569,0.029902642559109877,0.034619188921859556,0.20427521008403368
Actual,1978 Q3,0.5111464968152867,0.5878084179970972,0.368421052631579,0.3891454965357968,0.2631578947368421,0.72265625,0.48344370860927155,0.5510204081632654,0.5571428571428572,0.45282863269008744,0.4666666666666667,0.3411764705882353,0.2723480622985569,0.03442280945757997,0.03956478733926805,0.20427521008403368
Actual,1978 Q4,0.5334394904458599,0.6328011611030477,0.3624401913875598,0.3891454965357968,0.2526315789473685,0.72265625,0.5695364238410596,0.5850340136054423,0.5785714285714285,0.45282863269008744,0.4866666666666667,0.4411764705882354,0.2723480622985569,0.03789986091794158,0.04516979887899769,0.20427521008403368
Actual,1979 Q1,0.4570063694267516,0.5442670537010159,0.388755980861244,0.4168591224018476,0.2526315789473685,0.7578125,0.6225165562913908,0.6054421768707483,0.6,0.45282863269008744,0.5066666666666667,0.5000000000000001,0.2723480622985569,0.043115438108484005,0.051434223541048485,0.20427521008403368
Actual,1979 Q2,0.45222929936305734,0.5776487663280115,0.28708133971291866,0.3521939953810624,0.23157894736842105,0.8671875,0.6225165562913908,0.5986394557823129,0.6,0.45282863269008744,0.5333333333333334,0.49411764705882355,0.2723480622985569,0.04833101529902642,0.058028354764259826,0.20427521008403368
Actual,1979 Q3,0.49363057324840764,0.6023222060957909,0.35287081339712917,0.4099307159353349,0.2526315789473685,0.875,0.6423841059602649,0.5986394557823129,0.6,0.45282863269008744,0.5599999999999999,0.5176470588235293,0.2723480622985569,0.0531988873435327,0.06495219254863172,0.20427521008403368
Actual,1979 Q4,0.46178343949044587,0.5500725689404934,0.3397129186602871,0.3937644341801386,0.2631578947368421,0.8671875,0.7814569536423842,0.7006802721088435,0.7000000000000001,0.45282863269008744,0.6466666666666667,0.6941176470588235,0.2723480622985569,0.05806675938803896,0.06989779096604021,0.20427521008403368
Actual,1980 Q1,0.46656050955414013,0.5689404934687953,0.3480861244019139,0.43187066974595845,0.29473684210526313,1.0,0.8807947019867551,0.7959183673469388,0.8,0.45282863269008744,0.7266666666666666,0.7705882352941176,0.2723480622985569,0.06084840055632823,0.0741839762611276,0.20427521008403368
Actual,1980 Q2,0.3184713375796179,0.43976777939042083,0.28827751196172247,0.3394919168591224,0.39999999999999997,0.90234375,0.6357615894039735,0.6666666666666666,0.7000000000000001,0.45282863269008744,0.7733333333333333,0.7647058823529412,0.2723480622985569,0.06258692628650903,0.07912957467853612,0.20427521008403368
Actual,1980 Q3,0.43789808917197454,0.5500725689404934,0.3827751196172249,0.4353348729792148,0.4421052631578947,0.6484375,0.6026490066225165,0.7006802721088435,0.7285714285714286,0.45282863269008744,0.6533333333333333,0.4882352941176471,0.2723480622985569,0.06710709318497915,0.08407517309594464,0.20427521008403368
Actual,1980 Q4,0.5684713375796179,0.7039187227866472,0.39593301435406697,0.45496535796766746,0.4105263157894737,0.8046875,0.9006622516556292,0.8299319727891157,0.8357142857142857,0.45282863269008744,0.76,0.788235294117647,0.2723480622985569,0.07023643949930461,0.09198813056379823,0.20427521008403368
Actual,1981 Q1,0.5748407643312102,0.7126269956458635,0.32177033492822965,0.38221709006928406,0.4105263157894737,0.796875,0.9536423841059604,0.8571428571428572,0.8714285714285714,0.45282863269008744,0.82,0.9352941176470588,0.2723480622985569,0.07301808066759388,0.10352786020441807,0.20427521008403368
Actual,1981 Q2,0.3996815286624204,0.4963715529753265,0.33373205741626794,0.34988452655889146,0.4105263157894737,0.68359375,0.9867549668874174,0.9183673469387756,0.9285714285714285,0.45282863269008744,0.8933333333333332,0.9176470588235293,0.2723480622985569,0.07510431154381084,0.11275964391691395,0.20427521008403368
Actual,1981 Q3,0.5238853503184714,0.6124818577648765,0.4354066985645933,0.45381062355658197,0.4105263157894737,0.80078125,1.0,1.0,0.9999999999999999,0.45282863269008744,0.9733333333333333,1.0,0.2723480622985569,0.0764951321279555,0.12100230794592809,0.20427521008403368
Actual,1981 Q4,0.37738853503184716,0.4600870827285921,0.33373205741626794,0.34295612009237875,0.4947368421052631,0.609375,0.7814569536423842,0.925170068027211,0.9500000000000001,0.45282863269008744,1.0,0.8058823529411765,0.2723480622985569,0.0782336578581363,0.13089350478074513,0.20427521008403368
Actual,1982 Q1,0.34872611464968156,0.4121915820029027,0.34090909090909094,0.33833718244803695,0.5578947368421052,0.48828125,0.8476821192052981,0.9455782312925171,0.9642857142857143,0.45282863269008744,0.9733333333333333,0.7647058823529412,0.2723480622985569,0.07892906815020864,0.13748763600395647,0.20427521008403368
Actual,1982 Q2,0.4745222929936306,0.5283018867924527,0.36004784688995217,0.3418013856812933,0.6210526315789473,0.578125,0.8211920529801325,0.925170068027211,0.9357142857142856,0.45282863269008744,0.9333333333333335,0.7764705882352941,0.2723480622985569,0.0792767732962448,0.14045499505440157,0.20427521008403368
Actual,1982 Q3,0.42197452229299365,0.48476052249637147,0.35526315789473684,0.36720554272517325,0.6736842105263157,0.625,0.6158940397350995,0.8571428571428572,0.8785714285714286,0.45282863269008744,0.8933333333333332,0.6705882352941176,0.2723480622985569,0.0792767732962448,0.14144411473788326,0.20427521008403368
Actual,1982 Q4,0.44904458598726116,0.4876632801161102,0.3480861244019139,0.33602771362586603,0.7578947368421052,0.39453125,0.52317880794702,0.7074829931972789,0.7357142857142858,0.45282863269008744,0.7466666666666667,0.5117647058823529,0.2723480622985569,0.08031988873435328,0.13979558193208041,0.20427521008403368
Actual,1983 Q1,0.5318471337579618,0.5486211901306239,0.37799043062200954,0.3533487297921478,0.7263157894736842,0.359375,0.5364238410596026,0.6870748299319729,0.7214285714285714,0.45282863269008744,0.68,0.44705882352941184,0.2723480622985569,0.08205841446453407,0.13452027695351138,0.20427521008403368
Actual,1983 Q2,0.5955414012738853,0.6081277213352684,0.36483253588516745,0.34411085450346424,0.6947368421052631,0.53125,0.5562913907284769,0.6870748299319729,0.7214285714285714,0.45282863269008744,0.6666666666666667,0.42352941176470593,0.2723480622985569,0.08414464534075106,0.13122321134190573,0.20427521008403368
Actual,1983 Q3,0.5764331210191083,0.6110304789550072,0.40311004784689,0.4030023094688222,0.6210526315789473,0.50390625,0.6026490066225165,0.761904761904762,0.7928571428571428,0.45282863269008744,0.72,0.4411764705882354,0.2723480622985569,0.08657858136300417,0.13056379821958458,0.20427521008403368
Actual,1983 Q4,0.5828025477707006,0.5965166908563134,0.43779904306220097,0.40415704387990764,0.5263157894736841,0.5078125,0.5827814569536425,0.7551020408163266,0.7928571428571428,0.45282863269008744,0.7133333333333334,0.4529411764705883,0.2723480622985569,0.08866481223922112,0.13023409165842403,0.20427521008403368
Actual,1984 Q1,0.5748407643312102,0.6052249637155297,0.4246411483253589,0.4133949191685912,0.46315789473684216,0.57421875,0.609271523178808,0.7755102040816326,0.8071428571428572,0.45282863269008744,0.7000000000000001,0.45882352941176474,0.2723480622985569,0.09075104311543811,0.13056379821958458,0.20427521008403368
Actual,1984 Q2,0.5589171974522293,0.5805515239477503,0.40909090909090906,0.3914549653579677,0.4105263157894737,0.49609375,0.6490066225165564,0.8639455782312926,0.8999999999999999,0.45282863269008744,0.7466666666666667,0.5294117647058824,0.2723480622985569,0.09283727399165509,0.13353115727002968,0.20427521008403368
Actual,1984 Q3,0.5079617834394905,0.5355587808417996,0.3935406698564593,0.36605080831408776,0.4105263157894737,0.484375,0.6821192052980134,0.8503401360544218,0.8785714285714286,0.45282863269008744,0.78,0.5705882352941176,0.2723480622985569,0.0952712100139082,0.13550939663699307,0.20427521008403368
Actual,1984 Q4,0.4984076433121019,0.5166908563134978,0.3708133971291866,0.33487297921478065,0.39999999999999997,0.484375,0.5827814569536425,0.761904761904762,0.8,0.45282863269008744,0.72,0.5000000000000001,0.2723480622985569,0.09666203059805287,0.13715792944279592,0.20427521008403368
Actual,1985 Q1,0.5079617834394905,0.5413642960812771,0.3181818181818182,0.31062355658198615,0.38947368421052636,0.4921875,0.543046357615894,0.7482993197278912,0.7857142857142857,0.45282863269008744,0.6866666666666666,0.42352941176470593,0.2723480622985569,0.09874826147426982,0.13946587537091987,0.20427521008403368
Actual,1985 Q2,0.5031847133757962,0.5152394775036284,0.4282296650717703,0.4030023094688222,0.39999999999999997,0.4921875,0.49668874172185434,0.6938775510204082,0.7357142857142858,0.45282863269008744,0.6666666666666667,0.40588235294117647,0.2723480622985569,0.1025730180806676,0.14012528849324102,0.20427521008403368
Actual,1985 Q3,0.5461783439490446,0.5515239477503627,0.31698564593301437,0.28983833718244806,0.38947368421052636,0.4453125,0.47019867549668876,0.6598639455782314,0.7071428571428572,0.45282863269008744,0.62,0.3647058823529412,0.2723480622985569,0.1043115438108484,0.14177382129904387,0.20427521008403368
Actual,1985 Q4,0.49363057324840764,0.5007256894049346,0.38397129186602874,0.3521939953810624,0.3684210526315789,0.5078125,0.4768211920529802,0.6190476190476191,0.6714285714285714,0.45282863269008744,0.5933333333333333,0.3647058823529412,0.2723480622985569,0.10778859527121001,0.13649851632047477,0.20427521008403368
Actual,1986 Q1,0.5063694267515924,0.5094339622641508,0.39593301435406697,0.36605080831408776,0.3684210526315789,0.4296875,0.456953642384106,0.5510204081632654,0.5857142857142857,0.45282863269008744,0.52,0.35882352941176476,0.2723480622985569,0.11161335187760779,0.14243323442136496,0.20427521008403368
Actual,1986 Q2,0.4745222929936306,0.47314949201741646,0.3911483253588517,0.3210161662817552,0.38947368421052636,0.2734375,0.40397350993377484,0.5034013605442177,0.5214285714285715,0.45282863269008744,0.4933333333333333,0.31176470588235294,0.2723480622985569,0.11543810848400557,0.1483679525222552,0.20427521008403368
Actual,1986 Q3,0.5079617834394905,0.5050798258345427,0.3564593301435407,0.31755196304849886,0.3684210526315789,0.4453125,0.3642384105960265,0.4761904761904762,0.5071428571428571,0.45282863269008744,0.4933333333333333,0.2705882352941177,0.2723480622985569,0.11995827538247567,0.1529838443785031,0.20427521008403368
Actual,1986 Q4,0.48089171974522293,0.4876632801161102,0.33133971291866027,0.2956120092378753,0.3473684210526315,0.45703125,0.35761589403973515,0.4557823129251701,0.49999999999999994,0.45282863269008744,0.45999999999999996,0.24705882352941178,0.2723480622985569,0.1230876216968011,0.1575997362347511,0.20427521008403368
Actual,1987 Q1,0.49363057324840764,0.5065312046444121,0.3660287081339713,0.3464203233256351,0.32631578947368417,0.5390625,0.3642384105960265,0.44897959183673475,0.4857142857142857,0.45282863269008744,0.42000000000000004,0.24705882352941178,0.01109110893779805,0.12969401947148818,0.16386416089680184,0.20427521008403368
Actual,1987 Q2,0.5159235668789809,0.529753265602322,0.2811004784688995,0.2632794457274827,0.29473684210526313,0.52734375,0.3774834437086093,0.5306122448979592,0.5642857142857143,0.45282863269008744,0.5000000000000001,0.27647058823529413,0.012718208805379813,0.13456189151599443,0.17045829212001318,0.20427521008403368
Actual,1987 Q3,0.5015923566878981,0.5210449927431059,0.41866028708133973,0.39953810623556585,0.2631578947368421,0.515625,0.3973509933774835,0.5578231292517007,0.6,0.45282863269008744,0.5133333333333333,0.30000000000000004,0.016312108911833698,0.13908205841446453,0.17243653148697657,0.20427521008403368
Actual,1987 Q4,0.5573248407643312,0.5761973875181421,0.4007177033492823,0.37759815242494227,0.24210526315789466,0.49609375,0.3907284768211921,0.5782312925170069,0.6142857142857142,0.45282863269008744,0.54,0.3294117647058824,0.0,0.14360222531293465,0.17441477085393997,0.20427521008403368
Actual,1988 Q1,0.47929936305732485,0.5007256894049346,0.4102870813397129,0.384526558891455,0.23157894736842105,0.47265625,0.3774834437086093,0.5238095238095238,0.5714285714285714,0.45282863269008744,0.4866666666666667,0.31176470588235294,0.0036112096795132553,0.14707927677329624,0.17804154302670622,0.20427521008403368
Actual,1988 Q2,0.5318471337579618,0.5616835994194485,0.38636363636363635,0.3752886836027714,0.21052631578947373,0.53125,0.41059602649006627,0.5578231292517007,0.6,0.45282863269008744,0.5066666666666667,0.32352941176470595,0.006763715672952926,0.15264255910987481,0.181998021760633,0.20427521008403368
Actual,1988 Q3,0.4840764331210191,0.529753265602322,0.3791866028708134,0.3752886836027714,0.21052631578947373,0.54296875,0.4635761589403974,0.5782312925170069,0.6142857142857142,0.45282863269008744,0.5133333333333333,0.3764705882352941,0.006266065447495736,0.1592489568845619,0.18298714144411476,0.20427521008403368
Actual,1988 Q4,0.5318471337579618,0.5558780841799709,0.37679425837320574,0.36027713625866054,0.1894736842105263,0.51953125,0.5099337748344371,0.5782312925170069,0.6,0.9302325581395349,0.5066666666666667,0.40588235294117647,0.006951957279973692,0.16515994436717665,0.18364655456643586,0.20427521008403368
Actual,1989 Q1,0.5111464968152867,0.5471698113207546,0.3827751196172249,0.37413394919168597,0.1789473684210527,0.52734375,0.5629139072847682,0.6190476190476191,0.6214285714285714,0.9534883720930233,0.5333333333333334,0.4529411764705883,0.010775209229464358,0.17037552155771907,0.1869436201780415,0.20427521008403368
Actual,1989 Q2,0.49522292993630573,0.5341074020319303,0.3145933014354067,0.3140877598152425,0.1789473684210527,0.60546875,0.5562913907284769,0.5850340136054423,0.5928571428571429,0.9302325581395349,0.52,0.4764705882352942,0.01557645205681002,0.17420027816411682,0.1902406857896472,0.20427521008403368
Actual,1989 Q3,0.49363057324840764,0.5108853410740202,0.3624401913875598,0.325635103926097,0.1789473684210527,0.47265625,0.5165562913907285,0.5306122448979592,0.5428571428571428,0.8720930232558141,0.48,0.43529411764705883,0.021844681200938174,0.1776773296244784,0.1915595120342895,0.20427521008403368
Actual,1989 Q4,0.4585987261146497,0.4775036284470246,0.37200956937799046,0.34526558891454967,0.2,0.5078125,0.5099337748344371,0.5238095238095238,0.5285714285714286,0.8720930232558141,0.4666666666666667,0.42352941176470593,0.021697549829933452,0.1808066759388039,0.19287833827893175,0.20427521008403368
Actual,1990 Q1,0.5159235668789809,0.5544267053701015,0.3696172248803828,0.3752886836027714,0.1894736842105263,0.625,0.5165562913907285,0.5578231292517007,0.5642857142857143,0.9418604651162791,0.4866666666666667,0.3941176470588236,0.01852989796006682,0.18463143254520165,0.1895812726673261,0.2085714285714286
Actual,1990 Q2,0.4697452229299363,0.5123367198838896,0.3660287081339713,0.34526558891454967,0.1894736842105263,0.50390625,0.5099337748344371,0.5714285714285714,0.5857142857142857,0.9767441860465115,0.5000000000000001,0.3941176470588236,0.021794916178392465,0.18463143254520165,0.18661391361688096,0.16428571428571428
Actual,1990 Q3,0.45063694267515925,0.4775036284470246,0.33133971291866027,0.32678983833718245,0.23157894736842105,0.625,0.49668874172185434,0.5578231292517007,0.5857142857142857,0.9651162790697673,0.4866666666666667,0.3941176470588236,0.010000605835057082,0.18428372739916554,0.1849653808110781,0.3400000000000001
Actual,1990 Q4,0.3885350318471338,0.4136429608127721,0.29186602870813394,0.2909930715935335,0.2736842105263157,0.62109375,0.4635761589403974,0.5306122448979592,0.5642857142857143,0.9999999999999999,0.48,0.3941176470588236,0.014806176055667586,0.18289290681502085,0.18364655456643586,0.30428571428571427
Actual,1991 Q1,0.4156050955414013,0.4528301886792452,0.3444976076555024,0.30600461893764436,0.32631578947368417,0.46484375,0.3973509933774835,0.5034013605442177,0.5428571428571428,0.9418604651162791,0.44666666666666666,0.34705882352941175,0.0252416849138416,0.1808066759388039,0.18034948895483016,0.33571428571428574
Actual,1991 Q2,0.4968152866242038,0.513788098693759,0.3660287081339713,0.32794457274826794,0.3473684210526315,0.44140625,0.3708609271523179,0.5102040816326531,0.55,0.9069767441860465,0.44666666666666666,0.3176470588235294,0.024415152800256176,0.18289290681502085,0.17705242334322452,0.10571428571428573
Actual,1991 Q3,0.47770700636942676,0.5007256894049346,0.3480861244019139,0.31639722863741343,0.3578947368421053,0.46875,0.35761589403973515,0.4897959183673469,0.5357142857142857,0.8720930232558141,0.43333333333333335,0.30000000000000004,0.02871009061561497,0.18184979137691237,0.16518298714144414,0.12142857142857141
Actual,1991 Q4,0.4681528662420382,0.478955007256894,0.368421052631579,0.33833718244803695,0.37894736842105253,0.48046875,0.2980132450331126,0.435374149659864,0.4928571428571428,0.8023255813953486,0.3933333333333333,0.2529411764705882,0.035138433310542394,0.18115438108484005,0.1539729640619848,0.13142857142857142
Actual,1992 Q1,0.5238853503184714,0.5166908563134978,0.4246411483253589,0.3903002309468822,0.4105263157894737,0.453125,0.2582781456953642,0.435374149659864,0.4928571428571428,0.7674418604651162,0.3933333333333333,0.18823529411764706,0.03341829448776645,0.18184979137691237,0.14671941971645236,0.10142857142857145
Actual,1992 Q2,0.5159235668789809,0.5239477503628446,0.37559808612440193,0.34295612009237875,0.431578947368421,0.46875,0.2450331125827815,0.435374149659864,0.4928571428571428,0.7325581395348836,0.3933333333333333,0.18823529411764706,0.0327410574418182,0.18115438108484005,0.13946587537091987,0.10714285714285712
Actual,1992 Q3,0.5095541401273885,0.5123367198838896,0.35047846889952156,0.31755196304849886,0.431578947368421,0.46875,0.20529801324503313,0.3673469387755102,0.45,0.6511627906976745,0.3466666666666667,0.1588235294117647,0.03477709597292783,0.1808066759388039,0.13122321134190573,0.04999999999999999
Actual,1992 Q4,0.5127388535031847,0.5268505079825834,0.35167464114832536,0.3210161662817552,0.4105263157894737,0.48828125,0.20529801324503313,0.3877551020408163,0.45714285714285713,0.6744186046511627,0.36,0.1588235294117647,0.04051738313874488,0.18184979137691237,0.12331025387405209,0.11857142857142858
Actual,1993 Q1,0.4570063694267516,0.4658925979680696,0.3480861244019139,0.3129330254041571,0.37894736842105253,0.4609375,0.19867549668874174,0.35374149659863946,0.4214285714285714,0.627906976744186,0.33333333333333337,0.1588235294117647,0.04386245813247017,0.1825452016689847,0.120342894823607,0.04999999999999999
Actual,1993 Q2,0.482484076433121,0.49346879535558774,0.3456937799043062,0.3129330254041571,0.37894736842105253,0.4609375,0.19867549668874174,0.33333333333333337,0.39999999999999997,0.5697674418604651,0.31333333333333335,0.1588235294117647,0.043977134053988565,0.18358831710709317,0.1173755357731619,0.03714285714285717
Actual,1993 Q3,0.47611464968152867,0.4876632801161102,0.33373205741626794,0.2909930715935335,0.3473684210526315,0.421875,0.19867549668874174,0.3197278911564626,0.3714285714285714,0.5232558139534883,0.2866666666666667,0.1588235294117647,0.047270280328535697,0.18567454798331012,0.11704582921200135,0.06571428571428573
Actual,1993 Q4,0.535031847133758,0.5384615384615383,0.36363636363636365,0.32678983833718245,0.32631578947368417,0.48046875,0.20529801324503313,0.3197278911564626,0.3714285714285714,0.5116279069767442,0.28,0.1588235294117647,0.04848195044269234,0.1881084840055633,0.11704582921200135,0.045714285714285735
Actual,1994 Q1,0.5079617834394905,0.5094339622641508,0.361244019138756,0.3140877598152425,0.32631578947368417,0.42578125,0.2185430463576159,0.35374149659863946,0.39999999999999997,0.5581395348837208,0.3,0.1588235294117647,0.04415239348121479,0.1888038942976356,0.120342894823607,0.11142857142857146
Actual,1994 Q2,0.5334394904458599,0.5341074020319303,0.3791866028708134,0.3406466512702079,0.2842105263157895,0.4375,0.26490066225165565,0.435374149659864,0.47142857142857136,0.6860465116279069,0.3733333333333334,0.21176470588235297,0.04280008308595068,0.1905424200278164,0.12363996043521269,0.16
Actual,1994 Q3,0.4840764331210191,0.49201741654571834,0.3588516746411483,0.32794457274826794,0.2631578947368421,0.49609375,0.2980132450331126,0.44897959183673475,0.4857142857142857,0.7093023255813954,0.3866666666666666,0.24705882352941178,0.047356828193832606,0.19158553546592488,0.12660731948565773,0.031428571428571445
Actual,1994 Q4,0.5207006369426752,0.525399129172714,0.4007177033492823,0.3579676674364896,0.22105263157894733,0.4375,0.3509933774834437,0.4965986394557823,0.5214285714285715,0.7674418604651162,0.42000000000000004,0.2823529411764706,0.045946097989493104,0.19297635605006958,0.13023409165842403,0.08142857142857143
Actual,1995 Q1,0.4681528662420382,0.4760522496371552,0.3708133971291866,0.3302540415704388,0.21052631578947373,0.46484375,0.3774834437086093,0.48299319727891166,0.49999999999999994,0.7325581395348836,0.4,0.32352941176470595,0.054163817799433966,0.19367176634214184,0.13089350478074513,0.02285714285714288
Actual,1995 Q2,0.46496815286624205,0.4702467343976777,0.34330143540669855,0.3071593533487298,0.23157894736842105,0.4765625,0.3708609271523179,0.41496598639455784,0.43571428571428567,0.627906976744186,0.3400000000000001,0.33529411764705885,0.06343309417273223,0.19541029207232263,0.13056379821958458,0.011428571428571427
Actual,1995 Q3,0.5,0.5036284470246734,0.37440191387559807,0.32909930715935337,0.23157894736842105,0.42578125,0.35761589403973515,0.3945578231292517,0.4214285714285714,0.5930232558139535,0.32666666666666666,0.32352941176470595,0.07333849735596273,0.19819193324061196,0.13287174414770853,0.015714285714285736
Actual,1995 Q4,0.4888535031847134,0.49201741654571834,0.3576555023923445,0.3140877598152425,0.22105263157894733,0.43359375,0.3509933774834437,0.3673469387755102,0.3857142857142857,0.5465116279069767,0.3,0.3176470588235294,0.07876072111681365,0.1995827538247566,0.13583910319815362,0.042857142857142844
Actual,1996 Q1,0.49363057324840764,0.4963715529753265,0.37559808612440193,0.3371824480369515,0.21052631578947373,0.48828125,0.3245033112582782,0.36054421768707484,0.3857142857142857,0.5348837209302326,0.3,0.2941176470588236,0.0854400526211021,0.2016689847009736,0.13715792944279592,0.1142857142857143
Actual,1996 Q2,0.554140127388535,0.5486211901306239,0.37440191387559807,0.3418013856812933,0.21052631578947373,0.484375,0.33112582781456956,0.4217687074829932,0.4428571428571428,0.627906976744186,0.3533333333333333,0.2941176470588236,0.09078221960655342,0.2037552155771905,0.13781734256511707,0.10714285714285712
Actual,1996 Q3,0.5031847133757962,0.4963715529753265,0.368421052631579,0.3233256351039261,0.1894736842105263,0.4375,0.33774834437086093,0.4217687074829932,0.4428571428571428,0.627906976744186,0.3533333333333333,0.2941176470588236,0.0940905117575275,0.20549374130737136,0.13517969007583253,0.1271428571428572
Actual,1996 Q4,0.5127388535031847,0.5181422351233671,0.35406698564593303,0.32217090069284066,0.1894736842105263,0.484375,0.33112582781456956,0.3945578231292517,0.41428571428571426,0.5697674418604651,0.32666666666666666,0.2941176470588236,0.10345066338938749,0.20723226703755215,0.1533135509396637,0.13285714285714287
Actual,1997 Q1,0.4872611464968153,0.4978229317851959,0.37440191387559807,0.3314087759815243,0.1789473684210527,0.4453125,0.33774834437086093,0.41496598639455784,0.4285714285714285,0.5930232558139535,0.33333333333333337,0.2941176470588236,0.10377954527751573,0.20966620305980527,0.17837124958786682,0.1342857142857143
Actual,1997 Q2,0.554140127388535,0.5355587808417996,0.37200956937799046,0.3187066974595843,0.15789473684210525,0.3828125,0.33112582781456956,0.42857142857142855,0.4428571428571428,0.6046511627906976,0.3400000000000001,0.3058823529411765,0.12938473122560432,0.21244784422809454,0.17837124958786682,0.13000000000000003
Actual,1997 Q3,0.5270700636942676,0.5239477503628446,0.3875598086124402,0.33487297921478065,0.14736842105263165,0.42578125,0.33112582781456956,0.3945578231292517,0.41428571428571426,0.5581395348837208,0.31333333333333335,0.3058823529411765,0.14633296694737025,0.2159248956884562,0.1912298054731289,0.19000000000000003
Actual,1997 Q4,0.5015923566878981,0.49346879535558774,0.4019138755980861,0.3521939953810624,0.12631578947368421,0.43359375,0.33774834437086093,0.380952380952381,0.3857142857142857,0.5348837209302326,0.29333333333333333,0.3058823529411765,0.14888612897362888,0.22044506258692625,0.2232113419057039,0.3642857142857143
Actual,1998 Q1,0.5111464968152867,0.49201741654571834,0.4354066985645933,0.3683602771362587,0.1157894736842105,0.37890625,0.33774834437086093,0.36054421768707484,0.36428571428571427,0.5116279069767442,0.2866666666666667,0.3058823529411765,0.17477475918056481,0.22670375521557717,0.23013517969007585,0.22857142857142856
Actual,1998 Q2,0.5063694267515924,0.49201741654571834,0.39832535885167464,0.3418013856812933,0.09473684210526317,0.3984375,0.33112582781456956,0.36054421768707484,0.3714285714285714,0.5116279069767442,0.2866666666666667,0.3058823529411765,0.1784292427927265,0.23052851182197498,0.24596109462578303,0.19142857142857148
Actual,1998 Q3,0.5270700636942676,0.5239477503628446,0.37799043062200954,0.32794457274826794,0.10526315789473684,0.4296875,0.31788079470198677,0.33333333333333337,0.34285714285714286,0.5232558139534883,0.2733333333333334,0.3058823529411765,0.14993768553698622,0.23609179415855353,0.24530168150346188,0.46571428571428575
Actual,1998 Q4,0.5509554140127388,0.537010159651669,0.3660287081339713,0.3140877598152425,0.09473684210526317,0.421875,0.2847682119205298,0.2925170068027211,0.30714285714285716,0.5232558139534883,0.26666666666666666,0.2705882352941177,0.19257981876877006,0.24200278164116829,0.25354434553247607,0.47142857142857153
Actual,1999 Q1,0.5063694267515924,0.4992743105950652,0.3815789473684211,0.32678983833718245,0.08421052631578946,0.40625,0.29139072847682124,0.3197278911564626,0.34285714285714286,0.5348837209302326,0.2733333333333334,0.2647058823529412,0.20102039933185048,0.24687065368567457,0.24035608308605338,0.29000000000000004
Actual,1999 Q2,0.5,0.4963715529753265,0.33373205741626794,0.2967667436489608,0.08421052631578946,0.46484375,0.2980132450331126,0.35374149659863946,0.3714285714285714,0.5813953488372092,0.29333333333333333,0.2647058823529412,0.21997221813523968,0.2534770514603616,0.24035608308605338,0.2314285714285714
Actual,1999 Q3,0.5318471337579618,0.5239477503628446,0.36483253588516745,0.325635103926097,0.0736842105263158,0.46484375,0.3112582781456954,0.380952380952381,0.39999999999999997,0.6395348837209301,0.33333333333333337,0.2823529411764706,0.20115238482642825,0.26008344923504867,0.25881965051104516,0.22571428571428573
Actual,1999 Q4,0.552547770700637,0.5558780841799709,0.3935406698564593,0.3579676674364896,0.06315789473684208,0.46484375,0.33112582781456956,0.3945578231292517,0.4214285714285714,0.6627906976744186,0.33333333333333337,0.30000000000000004,0.2465662134443454,0.26738525730180807,0.2660731948565776,0.23
Actual,2000 Q1,0.4697452229299363,0.48476052249637147,0.41626794258373206,0.3903002309468822,0.05263157894736842,0.50390625,0.3642384105960265,0.42857142857142855,0.43571428571428567,0.6976744186046512,0.3666666666666667,0.3176470588235294,0.2570276866621085,0.2760778859527121,0.24464226838114078,0.20428571428571426
Actual,2000 Q2,0.5652866242038217,0.5718432510885341,0.3875598086124402,0.34526558891454967,0.0421052631578947,0.47265625,0.3774834437086093,0.4217687074829932,0.41428571428571426,0.7325581395348836,0.3666666666666667,0.34705882352941175,0.24236431458418076,0.2851182197496523,0.2736564457632707,0.29714285714285715
Actual,2000 Q3,0.45222929936305734,0.4644412191582002,0.39473684210526316,0.36027713625866054,0.05263157894736842,0.4921875,0.3973509933774835,0.3945578231292517,0.3928571428571428,0.6860465116279069,0.3466666666666667,0.3647058823529412,0.2422518023592948,0.293115438108484,0.30234091658424,0.13142857142857142
Actual,2000 Q4,0.4840764331210191,0.49056603773584895,0.3624401913875598,0.325635103926097,0.0421052631578947,0.4609375,0.3973509933774835,0.36054421768707484,0.3714285714285714,0.6627906976744186,0.31999999999999995,0.3647058823529412,0.2111508269648529,0.3014603616133518,0.31190240685789644,0.27142857142857146
Actual,2001 Q1,0.4251592356687898,0.44267053701015957,0.368421052631579,0.3394919168591224,0.0736842105263158,0.5,0.31788079470198677,0.3129251700680272,0.3357142857142857,0.6046511627906976,0.28,0.31176470588235294,0.1780462684887877,0.31050069541029207,0.30827563468513025,0.28714285714285714
Actual,2001 Q2,0.4856687898089172,0.4963715529753265,0.326555023923445,0.28521939953810627,0.09473684210526317,0.45703125,0.2450331125827815,0.3129251700680272,0.35,0.6046511627906976,0.2866666666666667,0.23529411764705882,0.19451849095142068,0.3174547983310153,0.31025387405209365,0.3142857142857143
Actual,2001 Q3,0.42038216560509556,0.4238026124818577,0.4437799043062201,0.3787528868360277,0.13684210526315782,0.390625,0.21192052980132453,0.2925170068027211,0.3357142857142857,0.5697674418604651,0.28,0.1941176470588235,0.1546155976562838,0.32510431154381086,0.3135509396636993,0.44285714285714295
Actual,2001 Q4,0.46337579617834396,0.4586357039187227,0.25239234449760767,0.19399538106235567,0.21052631578947373,0.3359375,0.12582781456953643,0.2653061224489796,0.32142857142857134,0.5581395348837208,0.26666666666666666,0.11176470588235299,0.17938343300762488,0.3317107093184979,0.2891526541378173,0.32285714285714284
Actual,2002 Q1,0.5,0.49201741654571834,0.4485645933014354,0.3914549653579677,0.23157894736842105,0.3984375,0.11258278145695365,0.2857142857142857,0.34285714285714286,0.5930232558139535,0.28,0.08823529411764708,0.1808547467176722,0.3390125173852573,0.3033300362677217,0.19142857142857148
Actual,2002 Q2,0.4856687898089172,0.48040638606676334,0.368421052631579,0.3394919168591224,0.24210526315789466,0.47265625,0.11258278145695365,0.2857142857142857,0.34285714285714286,0.6046511627906976,0.26666666666666666,0.08823529411764708,0.15074258068424742,0.35013908205841443,0.29673590504451036,0.22428571428571428
Actual,2002 Q3,0.4713375796178344,0.4760522496371552,0.3361244019138756,0.2967667436489608,0.23157894736842105,0.43359375,0.10596026490066227,0.2108843537414966,0.2785714285714285,0.5697674418604651,0.23333333333333334,0.08823529411764708,0.1158984101157145,0.3609179415855355,0.3053082756346851,0.46285714285714286
Actual,2002 Q4,0.4538216560509554,0.4644412191582002,0.36004784688995217,0.31755196304849886,0.2526315789473685,0.44140625,0.08609271523178809,0.1904761904761905,0.26428571428571423,0.5348837209302326,0.21999999999999997,0.07058823529411767,0.1282228261339934,0.36995827538247567,0.3250906693043191,0.42714285714285716
Actual,2003 Q1,0.47929936305732485,0.4833091436865021,0.33133971291866027,0.30369515011547343,0.2526315789473685,0.51171875,0.07947019867549669,0.17687074829931976,0.2571428571428571,0.4534883720930233,0.2,0.05882352941176472,0.12191997784374647,0.37899860917941586,0.3435542367293109,0.3142857142857143
Actual,2003 Q2,0.5031847133757962,0.4978229317851959,0.38516746411483255,0.3244803695150116,0.2736842105263157,0.3203125,0.06622516556291391,0.15646258503401364,0.22857142857142856,0.34883720930232553,0.18,0.05294117647058827,0.1498424828851596,0.3890820584144645,0.3372898120672601,0.2342857142857143
Actual,2003 Q3,0.554140127388535,0.5587808417997097,0.4138755980861244,0.3799076212471132,0.2736842105263157,0.46484375,0.05960264900662252,0.1904761904761905,0.2714285714285714,0.38372093023255804,0.21333333333333337,0.041176470588235314,0.1564915226365942,0.4026425591098748,0.3237718430596769,0.14285714285714288
Actual,2003 Q4,0.5207006369426752,0.529753265602322,0.34330143540669855,0.302540415704388,0.24210526315789466,0.40625,0.05960264900662252,0.19727891156462588,0.2714285714285714,0.36046511627906985,0.20666666666666672,0.041176470588235314,0.1813718702128212,0.418289290681502,0.33069568084404877,0.12000000000000002
Actual,2004 Q1,0.482484076433121,0.4992743105950652,0.35167464114832536,0.3244803695150116,0.23157894736842105,0.48046875,0.05960264900662252,0.1836734693877551,0.24999999999999997,0.313953488372093,0.18666666666666665,0.041176470588235314,0.18656041473737048,0.43532684283727396,0.3623475107154633,0.1271428571428572
Actual,2004 Q2,0.49522292993630573,0.5181422351233671,0.3803827751196172,0.3475750577367206,0.22105263157894733,0.47265625,0.07284768211920531,0.23129251700680278,0.2928571428571428,0.39534883720930236,0.21999999999999997,0.041176470588235314,0.18883662359467904,0.4558414464534075,0.38872403560830865,0.10428571428571429
Actual,2004 Q3,0.5063694267515924,0.5181422351233671,0.361244019138756,0.31986143187066973,0.2,0.44921875,0.09933774834437087,0.217687074829932,0.2714285714285714,0.36046511627906985,0.20666666666666672,0.06470588235294122,0.18341007244056323,0.4739221140472878,0.4243323442136498,0.09428571428571428
Actual,2004 Q4,0.5111464968152867,0.5312046444121915,0.38636363636363635,0.3637413394919169,0.2,0.51953125,0.13245033112582782,0.217687074829932,0.26428571428571423,0.3255813953488371,0.19333333333333336,0.09411764705882358,0.20629549172169667,0.49478442280945756,0.4240026376524893,0.055714285714285744
Actual,2005 Q1,0.517515923566879,0.5384615384615383,0.2667464114832536,0.2309468822170901,0.1894736842105263,0.42578125,0.16556291390728478,0.2448979591836735,0.2714285714285714,0.33720930232558144,0.2,0.12352941176470594,0.19949715690262496,0.5184283727399165,0.44510385756676557,0.02857142857142858
Actual,2005 Q2,0.47770700636942676,0.4963715529753265,0.37440191387559807,0.3406466512702079,0.16842105263157886,0.453125,0.19205298013245034,0.2448979591836735,0.2571428571428571,0.36046511627906985,0.19333333333333336,0.1529411764705883,0.20424430731416007,0.5420723226703755,0.45598417408506425,0.07142857142857142
Actual,2005 Q3,0.4968152866242038,0.525399129172714,0.3480861244019139,0.33487297921478065,0.15789473684210525,0.58984375,0.2251655629139073,0.25170068027210885,0.26428571428571423,0.36046511627906985,0.2,0.1823529411764706,0.21346598236154504,0.5636300417246175,0.4836795252225519,0.021428571428571436
Actual,2005 Q4,0.48089171974522293,0.5050798258345427,0.37320574162679426,0.3475750577367206,0.15789473684210525,0.49609375,0.25165562913907286,0.27891156462585037,0.28571428571428564,0.40697674418604646,0.22666666666666668,0.21764705882352942,0.21810278424482663,0.5813630041724617,0.5054401582591492,0.0542857142857143
Actual,2006 Q1,0.5334394904458599,0.5471698113207546,0.42105263157894735,0.3810623556581986,0.12631578947368421,0.4296875,0.29139072847682124,0.2925170068027211,0.2928571428571428,0.40697674418604646,0.22666666666666668,0.24117647058823533,0.23161290601767306,0.5938803894297635,0.5248928453676227,0.027142857142857135
Actual,2006 Q2,0.46178343949044587,0.49056603773584895,0.3480861244019139,0.325635103926097,0.1157894736842105,0.4921875,0.3112582781456954,0.3197278911564626,0.32857142857142857,0.4651162790697674,0.2533333333333333,0.2705882352941177,0.22484702664808773,0.5890125173852573,0.5552258489943951,0.1585714285714286
Actual,2006 Q3,0.4554140127388535,0.47314949201741646,0.3373205741626794,0.3071593533487298,0.1157894736842105,0.49609375,0.3245033112582782,0.30612244897959184,0.3142857142857142,0.4651162790697674,0.2533333333333333,0.2941176470588236,0.23595977255220998,0.5841446453407511,0.5733597098582262,0.08428571428571432
Actual,2006 Q4,0.5015923566878981,0.4963715529753265,0.38995215311004783,0.31639722863741343,0.09473684210526317,0.28515625,0.3245033112582782,0.2925170068027211,0.2928571428571428,0.43023255813953487,0.22666666666666668,0.2941176470588236,0.25528807456964075,0.5837969401947148,0.5888559182327728,0.0
Actual,2007 Q1,0.46496815286624205,0.4978229317851959,0.3672248803827751,0.3464203233256351,0.10526315789473684,0.50390625,0.33112582781456956,0.2925170068027211,0.29999999999999993,0.43023255813953487,0.22666666666666668,0.2941176470588236,0.2582783033156487,0.577538247566064,0.6112759643916914,0.09857142857142862
Actual,2007 Q2,0.4856687898089172,0.5007256894049346,0.35406698564593303,0.3302540415704388,0.10526315789473684,0.52734375,0.3112582781456954,0.29931972789115646,0.30714285714285716,0.4534883720930233,0.24000000000000005,0.2941176470588236,0.2757847727685796,0.5577190542420027,0.6429277942631058,0.08857142857142855
Actual,2007 Q3,0.482484076433121,0.49056603773584895,0.33851674641148327,0.30138568129330257,0.12631578947368421,0.44921875,0.2847682119205298,0.2857142857142857,0.29999999999999993,0.4883720930232558,0.2533333333333333,0.28823529411764703,0.2791320114589373,0.5399860917941585,0.6607319485657766,0.25857142857142856
Actual,2007 Q4,0.4856687898089172,0.48476052249637147,0.3361244019138756,0.31986143187066973,0.13684210526315782,0.54296875,0.2251655629139073,0.2380952380952381,0.2714285714285714,0.4651162790697674,0.22666666666666668,0.24705882352941178,0.26692443505880925,0.5201668984700973,0.6531486976590835,0.2628571428571429
Actual,2008 Q1,0.41878980891719747,0.42089985486211895,0.35047846889952156,0.325635103926097,0.15789473684210525,0.51953125,0.13907284768211922,0.17006802721088438,0.23571428571428568,0.4767441860465117,0.20666666666666672,0.17058823529411765,0.23512891304535974,0.4965229485396383,0.5885262116716123,0.2785714285714286
Actual,2008 Q2,0.4840764331210191,0.4876632801161102,0.4318181818181818,0.41454965357967666,0.1894736842105263,0.5546875,0.10596026490066227,0.19727891156462588,0.24999999999999997,0.5116279069767442,0.21999999999999997,0.10588235294117648,0.2293366971603645,0.4704450625869262,0.6017144741180349,0.1628571428571429
Actual,2008 Q3,0.4124203821656051,0.4368650217706821,0.24043062200956938,0.2263279445727483,0.2631578947368421,0.59375,0.09933774834437087,0.1904761904761905,0.24999999999999997,0.5581395348837208,0.23333333333333334,0.10000000000000003,0.20358005244800634,0.44610570236439495,0.5835806132542036,0.48571428571428577
Actual,2008 Q4,0.3105095541401274,0.31349782293178513,0.38516746411483255,0.2448036951501155,0.3578947368421053,0.0,0.019867549668874173,0.12925170068027214,0.22142857142857145,0.8604651162790696,0.20666666666666672,0.047058823529411764,0.14366080160632838,0.4189847009735744,0.5608308605341246,0.9742857142857143
Actual,2009 Q1,0.374203821656051,0.35413642960812763,0.326555023923445,0.23210161662817552,0.5052631578947369,0.2421875,0.013245033112582783,0.108843537414966,0.18571428571428572,0.7906976744186046,0.15333333333333332,0.0,0.12175337320304994,0.4043810848400556,0.5156610616551269,0.6285714285714287
Actual,2009 Q2,0.43471337579617836,0.4034833091436864,0.3624401913875598,0.31639722863741343,0.6105263157894738,0.4296875,0.013245033112582783,0.1360544217687075,0.22142857142857145,0.6744186046511627,0.14666666666666667,0.0,0.1498511376716893,0.4043810848400556,0.39366963402571714,0.4228571428571428
Actual,2009 Q3,0.4681528662420382,0.45137880986937584,0.2727272727272727,0.2424942263279446,0.6421052631578945,0.484375,0.013245033112582783,0.14965986394557826,0.22857142857142856,0.4883720930232558,0.16000000000000003,0.0,0.18165747816830094,0.4061196105702364,0.37751401252884936,0.2657142857142857
Actual,2009 Q4,0.5159235668789809,0.5065312046444121,0.3373205741626794,0.3094688221709007,0.6736842105263157,0.47265625,0.006622516556291392,0.1360544217687075,0.22142857142857145,0.40697674418604646,0.14,0.0,0.1940403139956553,0.4089012517385257,0.3395977579953841,0.2571428571428571
Actual,2010 Q1,0.47770700636942676,0.4687953555878083,0.3588516746411483,0.3129330254041571,0.6631578947368422,0.37109375,0.006622516556291392,0.14285714285714288,0.23571428571428568,0.38372093023255804,0.14666666666666667,0.0,0.20804808599395894,0.4043810848400556,0.3570722057368941,0.2085714285714286
Actual,2010 Q2,0.5079617834394905,0.5108853410740202,0.41148325358851673,0.3533487297921478,0.6421052631578945,0.34375,0.006622516556291392,0.1360544217687075,0.21428571428571427,0.36046511627906985,0.14,0.0,0.17804410479215527,0.4057719054242002,0.39729640619848333,0.47285714285714286
Actual,2010 Q3,0.49522292993630573,0.4876632801161102,0.3564593301435407,0.30138568129330257,0.631578947368421,0.39453125,0.013245033112582783,0.08843537414965988,0.16428571428571428,0.2906976744186046,0.10666666666666669,0.0,0.20332040885211564,0.39568845618915155,0.39202110121991424,0.2885714285714286
Actual,2010 Q4,0.47929936305732485,0.4891146589259796,0.3480861244019139,0.31524249422632794,0.631578947368421,0.4765625,0.006622516556291392,0.0816326530612245,0.17142857142857143,0.2790697674418605,0.10666666666666669,0.0,0.23182711198428288,0.39151599443671764,0.3989449390042861,0.15428571428571428
Actual,2011 Q1,0.4315286624203822,0.43976777939042083,0.3791866028708134,0.35450346420323325,0.5789473684210527,0.515625,0.006622516556291392,0.12244897959183676,0.20714285714285716,0.313953488372093,0.13333333333333336,0.0,0.24863903481820618,0.38317107093184977,0.420375865479723,0.23857142857142857
Actual,2011 Q2,0.4888535031847134,0.5036284470246734,0.32057416267942584,0.30369515011547343,0.5894736842105261,0.52734375,0.0,0.10204081632653061,0.19285714285714284,0.2906976744186046,0.1266666666666667,0.0,0.24723263200713155,0.3859527121001391,0.4075173095944609,0.14285714285714288
Actual,2011 Q3,0.4442675159235669,0.4571843251088533,0.35526315789473684,0.3140877598152425,0.5789473684210527,0.44921875,0.0,0.054421768707483005,0.1357142857142857,0.2558139534883721,0.09999999999999998,0.0,0.20034532598253466,0.3876912378303199,0.4002637652489284,0.5042857142857143
Actual,2011 Q4,0.5191082802547771,0.4978229317851959,0.34090909090909094,0.292147806004619,0.5368421052631578,0.41796875,0.0,0.04761904761904762,0.10714285714285715,0.2906976744186046,0.08000000000000002,0.0,0.2293994443627048,0.38734353268428373,0.4342235410484668,0.46857142857142864
Actual,2012 Q1,0.5,0.5079825834542815,0.4055023923444976,0.37182448036951504,0.5052631578947369,0.4375,0.006622516556291392,0.04081632653061225,0.10714285714285715,0.244186046511628,0.07333333333333336,0.0,0.2641960136053244,0.3911682892906815,0.4345532476096274,0.14714285714285716
Actual,2012 Q2,0.4745222929936306,0.47460087082728586,0.3624401913875598,0.3094688221709007,0.4947368421052631,0.37890625,0.006622516556291392,0.034013605442176874,0.08571428571428572,0.2325581395348837,0.06666666666666665,0.0,0.25278684126256024,0.40368567454798326,0.4322453016815034,0.19999999999999998
Actual,2012 Q3,0.4554140127388535,0.4644412191582002,0.2930622009569378,0.24364896073903003,0.47368421052631576,0.41796875,0.006622516556291392,0.0272108843537415,0.07142857142857142,0.18604651162790697,0.053333333333333344,0.0,0.26997741100715755,0.41342141863699583,0.4431256181998022,0.11142857142857146
Actual,2012 Q4,0.4538216560509554,0.4600870827285921,0.4688995215311005,0.4295612009237876,0.45263157894736833,0.453125,0.006622516556291392,0.0272108843537415,0.07857142857142857,0.15116279069767447,0.04000000000000001,0.0,0.26868352042096877,0.42385257301808066,0.45136828222881636,0.14285714285714288
Actual,2013 Q1,0.5095541401273885,0.5065312046444121,0.1519138755980861,0.10854503464203236,0.4421052631578947,0.41015625,0.006622516556291392,0.034013605442176874,0.09285714285714286,0.16279069767441867,0.04666666666666669,0.0,0.3024653159429823,0.4367176634214186,0.45796241345202765,0.09
Actual,2013 Q2,0.46337579617834396,0.45137880986937584,0.3672248803827751,0.3048498845265589,0.4210526315789474,0.33203125,0.006622516556291392,0.04081632653061225,0.1,0.17441860465116277,0.060000000000000026,0.0,0.31058134201119925,0.44993045897079276,0.4958786679854929,0.11142857142857146
Actual,2013 Q3,0.5,0.5036284470246734,0.34688995215311,0.302540415704388,0.38947368421052636,0.43359375,0.0,0.0816326530612245,0.15000000000000002,0.2790697674418605,0.10666666666666669,0.0,0.33107154912024095,0.463490959666203,0.5347840422024397,0.061428571428571443
Actual,2013 Q4,0.5015923566878981,0.5065312046444121,0.3373205741626794,0.28983833718244806,0.3578947368421053,0.40625,0.006622516556291392,0.07482993197278912,0.15714285714285714,0.2558139534883721,0.09999999999999998,0.0,0.3677440433431709,0.4739221140472878,0.5314869765908341,0.10857142857142857
Actual,2014 Q1,0.42356687898089174,0.4252539912917271,0.38636363636363635,0.34411085450346424,0.3368421052631579,0.4453125,0.0,0.08843537414965988,0.15714285714285714,0.244186046511628,0.10666666666666669,0.0,0.3741918593077902,0.4808762169680111,0.5202769535113747,0.12428571428571425
Actual,2014 Q2,0.5302547770700637,0.5355587808417996,0.3911483253588517,0.3475750577367206,0.2842105263157895,0.4296875,0.0,0.09523809523809523,0.15000000000000002,0.19767441860465118,0.09333333333333338,0.0,0.39274555793081367,0.4847009735744089,0.5535773161885922,0.061428571428571443
Actual,2014 Q3,0.5254777070063694,0.5210449927431059,0.37559808612440193,0.3244803695150116,0.2736842105263157,0.38671875,0.0,0.09523809523809523,0.1357142857142857,0.18604651162790697,0.08666666666666667,0.0,0.3903676553317812,0.4923504867872044,0.5684141114408177,0.061428571428571443
Actual,2014 Q4,0.47770700636942676,0.4586357039187227,0.3995215311004785,0.32794457274826794,0.23157894736842105,0.30859375,0.0,0.08843537414965988,0.12142857142857141,0.19767441860465118,0.08000000000000002,0.0,0.41126463740771824,0.5010431154381084,0.5918232772832179,0.1942857142857143
Actual,2015 Q1,0.5047770700636943,0.47314949201741646,0.3971291866028708,0.3094688221709007,0.21052631578947373,0.24609375,0.0,0.0816326530612245,0.1,0.18604651162790697,0.060000000000000026,0.0,0.4173878988774741,0.5083449235048678,0.6254533465215957,0.13857142857142854
Actual,2015 Q2,0.4856687898089172,0.4949201741654571,0.3444976076555024,0.30369515011547343,0.2,0.45703125,0.0,0.0816326530612245,0.1142857142857143,0.18604651162790697,0.06666666666666665,0.0,0.4157283435604061,0.515299026425591,0.6429277942631058,0.08857142857142855
Actual,2015 Q3,0.4713375796178344,0.46298984034833085,0.3564593301435407,0.3048498845265589,0.16842105263157886,0.40625,0.0,0.08843537414965988,0.12142857142857141,0.2325581395348837,0.08000000000000002,0.0,0.3795599906528305,0.5236439499304589,0.6419386745796241,0.4
Actual,2015 Q4,0.4570063694267516,0.4339622641509433,0.3576555023923445,0.28983833718244806,0.15789473684210525,0.34765625,0.006622516556291392,0.08843537414965988,0.1142857142857143,0.244186046511628,0.07333333333333336,0.0,0.40426075140856654,0.532336578581363,0.6353445433564127,0.16714285714285712
Actual,2016 Q1,0.482484076433121,0.4528301886792452,0.3696172248803828,0.3071593533487298,0.14736842105263165,0.33984375,0.019867549668874173,0.07482993197278912,0.1,0.2558139534883721,0.060000000000000026,0.011764705882352955,0.40595925326501825,0.5399860917941585,0.6185295087372238,0.22
Actual,2016 Q2,0.46656050955414013,0.4833091436865021,0.32057416267942584,0.2863741339491917,0.14736842105263165,0.47265625,0.019867549668874173,0.06802721088435376,0.08571428571428572,0.18604651162790697,0.053333333333333344,0.011764705882352955,0.4155249560769584,0.5469401947148818,0.648862512363996,0.18714285714285714
Actual,2016 Q3,0.49203821656050956,0.48040638606676334,0.3576555023923445,0.3094688221709007,0.14736842105263165,0.4140625,0.019867549668874173,0.06122448979591837,0.07142857142857142,0.13953488372093026,0.04000000000000001,0.011764705882352955,0.43385363025020984,0.5556328233657858,0.6772172766238047,0.07714285714285715
Actual,2016 Q4,0.48089171974522293,0.48476052249637147,0.361244019138756,0.3187066974595843,0.13684210526315782,0.44921875,0.026490066225165566,0.09523809523809523,0.1142857142857143,0.18604651162790697,0.06666666666666665,0.011764705882352955,0.45133846273681666,0.5653685674547982,0.6801846356742498,0.13999999999999999
Actual,2017 Q1,0.47770700636942676,0.4833091436865021,0.3803827751196172,0.34411085450346424,0.1157894736842105,0.45703125,0.039735099337748346,0.11564625850340138,0.1357142857142857,0.19767441860465118,0.09333333333333338,0.02941176470588236,0.4779865504617329,0.5740611961057023,0.6636993076162214,0.005714285714285727
Actual,2017 Q2,0.482484076433121,0.47169811320754707,0.3827751196172249,0.32794457274826794,0.09473684210526317,0.3671875,0.05960264900662252,0.10204081632653061,0.12142857142857141,0.17441860465116277,0.08000000000000002,0.041176470588235314,0.49133006759388276,0.5834492350486786,0.7286515001648532,0.04714285714285715
Actual,2017 Q3,0.4968152866242038,0.5007256894049346,0.36363636363636365,0.31639722863741343,0.08421052631578946,0.421875,0.06622516556291391,0.10204081632653061,0.12142857142857141,0.16279069767441867,0.07333333333333336,0.05882352941176472,0.5134755026267277,0.5935326842837273,0.7115067589845037,0.04714285714285715
Actual,2017 Q4,0.5191082802547771,0.5283018867924527,0.36004784688995217,0.3244803695150116,0.0736842105263158,0.47265625,0.07947019867549669,0.12244897959183676,0.12857142857142856,0.16279069767441867,0.07333333333333336,0.05882352941176472,0.5464653851812745,0.6043115438108483,0.7256841411144082,0.005714285714285727
Actual,2018 Q1,0.4984076433121019,0.5094339622641508,0.3815789473684211,0.34988452655889146,0.05263157894736842,0.48046875,0.10596026490066227,0.14965986394557826,0.15714285714285714,0.20930232558139533,0.09999999999999998,0.07058823529411767,0.5401863375539843,0.6150904033379694,0.7339268051434222,0.3514285714285714
Actual,2018 Q2,0.47929936305732485,0.4978229317851959,0.37320574162679426,0.33371824480369516,0.0421052631578947,0.43359375,0.11920529801324505,0.17006802721088438,0.16428571428571428,0.2558139534883721,0.11333333333333334,0.08823529411764708,0.5603260258085734,0.6227399165507649,0.7375535773161885,0.15571428571428572
Actual,2018 Q3,0.4856687898089172,0.4862119013062408,0.3815789473684211,0.33256351039260973,0.03157894736842104,0.41015625,0.13245033112582782,0.17006802721088438,0.16428571428571428,0.2558139534883721,0.12,0.10000000000000003,0.6009126472395558,0.6296940194714882,0.7392021101219914,0.0485714285714286
Actual,2018 Q4,0.4554140127388535,0.4571843251088533,0.37679425837320574,0.3302540415704388,0.03157894736842104,0.41015625,0.152317880794702,0.17687074829931976,0.17142857142857143,0.2906976744186046,0.13333333333333336,0.11764705882352944,0.5043014289052561,0.635952712100139,0.7289812067260137,0.3342857142857143
Actual,2019 Q1,0.48089171974522293,0.4760522496371552,0.38636363636363635,0.3314087759815243,0.0421052631578947,0.390625,0.15894039735099338,0.14965986394557826,0.15000000000000002,0.2558139534883721,0.10666666666666669,0.1294117647058824,0.5793687198705244,0.6415159944367176,0.7688757006264424,0.18285714285714286
Actual,2019 Q2,0.5,0.502177068214804,0.326555023923445,0.28752886836027713,0.010526315789473717,0.4609375,0.152317880794702,0.12244897959183676,0.12857142857142856,0.19767441860465118,0.08000000000000002,0.1294117647058824,0.6020853708143289,0.6484700973574409,0.8100890207715135,0.1128571428571429
Actual,2019 Q3,0.5191082802547771,0.5094339622641508,0.36363636363636365,0.31062355658198615,0.010526315789473717,0.40234375,0.13245033112582782,0.09523809523809523,0.08571428571428572,0.12790697674418605,0.060000000000000026,0.11764705882352944,0.6063694901465255,0.6571627260083449,0.8025057698648204,0.17
Actual,2019 Q4,0.4872611464968153,0.48040638606676334,0.3576555023923445,0.31177829099307164,0.010526315789473717,0.45703125,0.10596026490066227,0.08843537414965988,0.08571428571428572,0.11627906976744184,0.060000000000000026,0.08823529411764708,0.6624871260050371,0.6679415855354659,0.7926145730300034,0.1128571428571429
Actual,2020 Q1,0.3614649681528663,0.3730043541364295,0.3588516746411483,0.3094688221709007,0.03157894736842104,0.40234375,0.07284768211920531,0.06122448979591837,0.05714285714285714,0.12790697674418605,0.04666666666666669,0.06470588235294122,0.509933531239452,0.6787204450625869,0.8071216617210681,1.0
Actual,2020 Q2,0.0,0.0,0.8767942583732058,0.7655889145496536,0.9999999999999998,0.19921875,0.006622516556291392,0.006802721088435375,0.007142857142857145,0.12790697674418605,0.0266666666666667,0.0,0.6309274469245216,0.6842837273991654,0.7847016155621496,0.6342857142857143
Actual,2020 Q3,1.0,0.9999999999999999,0.17105263157894737,0.1466512702078522,0.5578947368421052,0.52734375,0.006622516556291392,0.0,0.0,0.011627906976744207,0.013333333333333364,0.0,0.6899747280233334,0.7096662030598052,0.8054731289152652,0.2985714285714286
Actual,2020 Q4,0.5127388535031847,0.5268505079825834,0.23803827751196172,0.19976905311778292,0.3368421052631579,0.45703125,0.006622516556291392,0.006802721088435375,0.02142857142857143,0.0,0.0,0.0,0.7962944531473131,0.7392211404728789,0.8364655456643586,0.39428571428571424
Actual,2021 Q1,0.5286624203821656,0.5820029027576197,1.0,1.0,0.2842105263157895,0.51171875,0.006622516556291392,0.020408163265306124,0.05714285714285714,0.011627906976744207,0.006666666666666682,0.0,0.8478575075945751,0.765299026425591,0.8506429277942629,0.3500000000000001
Actual,2021 Q2,0.5445859872611465,0.6095791001451378,0.0,0.0,0.2526315789473685,0.640625,0.0,0.034013605442176874,0.07142857142857142,0.03488372093023262,0.013333333333333364,0.0,0.9192941156106385,0.8059805285118219,0.8776788658094297,0.21285714285714288
Actual,2021 Q3,0.4984076433121019,0.5616835994194485,0.2679425837320574,0.2678983833718245,0.16842105263157886,0.60546875,0.0,0.034013605442176874,0.05714285714285714,0.011627906976744207,0.006666666666666682,0.0,0.9149991777952797,0.8445757997218358,0.9558193208044838,0.1857142857142857
Actual,2021 Q4,0.5573248407643312,0.6357039187227865,0.26315789473684215,0.2748267898383372,0.0736842105263158,0.69140625,0.006622516556291392,0.06122448979591837,0.07142857142857142,0.04651162790697683,0.020000000000000018,0.0,1.0,0.8814325452016688,0.9999999999999998,0.2628571428571429
Actual,2022 Q1,0.4140127388535032,0.513788098693759,0.21291866028708134,0.23325635103926098,0.03157894736842104,0.70703125,0.019867549668874173,0.108843537414966,0.1,0.13953488372093026,0.06666666666666665,0.0,0.9396977748543832,0.9269819193324061,0.9739531816683151,0.3400000000000001
Actual,2022 Q2,0.43630573248407645,0.5471698113207546,0.3133971291866029,0.33256351039260973,0.010526315789473717,0.7265625,0.07284768211920531,0.1836734693877551,0.17142857142857143,0.30232558139534893,0.16666666666666669,0.03529411764705884,0.7693975403096682,0.957232267037552,0.9699967029343883,0.3157142857142857
Actual,2022 Q3,0.4888535031847134,0.5283018867924527,0.37320574162679426,0.3648960739030023,0.0,0.5625,0.17880794701986757,0.20408163265306123,0.18571428571428572,0.34883720930232553,0.18666666666666665,0.12352941176470594,0.7287524990696104,0.9488873435326842,0.9894493900428618,0.28428571428571436
Actual,2022 Q4,0.4872611464968153,0.5181422351233671,0.3564593301435407,0.3406466512702079,0.010526315789473717,0.51171875,0.26490066225165565,0.25850340136054417,0.23571428571428568,0.44186046511627897,0.26,0.20588235294117646,0.7811702136866794,0.9492350486787203,0.986152324431256,0.2985714285714286
Actual,2023 Q1,0.48089171974522293,0.5152394775036284,0.45933014354066987,0.4457274826789839,0.0,0.49609375,0.304635761589404,0.2380952380952381,0.22142857142857145,0.38372093023255804,0.24000000000000005,0.25882352941176473,0.8377725175908536,0.961404728789986,0.976261127596439,0.19714285714285715
Actual,2023 Q2,0.47929936305732485,0.478955007256894,0.3696172248803828,0.33371824480369516,0.010526315789473717,0.453125,0.33774834437086093,0.23129251700680278,0.22142857142857145,0.39534883720930236,0.2466666666666667,0.28823529411764703,0.90863141860606,0.9739221140472879,0.9993405868776788,0.10571428571428573
Actual,2023 Q3,0.5238853503184714,0.5442670537010159,0.33373205741626794,0.3002309468822171,0.02105263157894738,0.48828125,0.3509933774834437,0.27210884353741494,0.2571428571428571,0.43023255813953487,0.28,0.30000000000000004,0.8735189496551067,0.995827538247566,0.9825255522584897,0.08857142857142855
Actual,2023 Q4,0.4697452229299363,0.4760522496371552,0.3564593301435407,0.31755196304849886,0.02105263157894738,0.45703125,0.3509933774834437,0.2857142857142857,0.2785714285714285,0.4534883720930233,0.3,0.3058823529411765,0.9816778169166458,0.9999999999999999,0.9825255522584897,0.1285714285714286
