,% insured,Yield on earning assets,Cost of funding earning assets,Net interest margin,Noninterest income to average assets,Noninterest expense to average assets,Loan and lease loss provision to assets,Net operating income to assets,Return on assets (ROA),Pretax return on assets,Return on Equity (ROE),Retained earnings to average equity (ytd only),Net charge-offs to loans,Credit loss provision to net charge-offs,Cash dividends to net income (ytd only)*,Loss allowance to loans,Loan loss allowance to noncurrent loans,Noncurrent assets plus other real estate owned to assets,Noncurrent loans to loans,Net loans and leases to total assets,Net loans and leases to deposits,Net loans and leases to core deposits,Total domestic deposits to total assets,Equity capital to assets,Core capital (leverage) ratio,Total risk-based capital ratio,Net charge-offs to loans,Percentage Net Loans Charged-off: Total real estate loans,Percentage Net Loans Charged-off:Construction & development,Percentage Net Loans Charged-off: Commercial real estate,Percentage Net Loans Charged-off: Multi-family residential,Percentage Net Loans Charged-off: 1-4 family residential,Percentage Net Loans Charged-off: Home equity loans,"All other 1-4 family - Percent of loans charged-off, net",Percentage Net Loans Charged-off: Commercial and industrial,Percentage Net Loans Charged-off: Loans to individuals,Percentage Net Loans Charged-off: Credit card loans,Percentage Net Loans Charged-off: Other loans to individual,Percentage Net Loans Charged-off:Coml. RE not secured by RE,Noncurrent loans to loans,Percentage Loans Noncurrent: Real estate loans,Percentage Loans Noncurrent:Construction & land development,Percentage Loans Noncurrent: Commercial real estate,Percentage Loans Noncurrent: Multifamily residential,Percentage Loans Noncurrent: 1-4 family residential,Percentage Loans Noncurrent: Home equity loans,Percent of loans noncurrent - All other family,Percentage Loans noncurrent:Commercial and industrial loans,Percentage Loans Noncurrent: Loans to individuals,Percentage Loans Noncurrent: Credit card loans,Percentage Loans Noncurrent: Other loans to individuals,Percentage Loans Noncurrent:Commercial RE not secured by RE,Wholly or partially US Gov. guaranteed noncurrent loans as percent of noncurrent
Bank,jpmorgan-chase-bank,jpmorgan-chase-bank,jpmorgan-chase-bank,jpmorgan-chase-bank,jpmorgan-chase-bank,jpmorgan-chase-bank,jpmorgan-chase-bank,jpmorgan-chase-bank,jpmorgan-chase-bank,jpmorgan-chase-bank,jpmorgan-chase-bank,jpmorgan-chase-bank,jpmorgan-chase-bank,jpmorgan-chase-bank,jpmorgan-chase-bank,jpmorgan-chase-bank,jpmorgan-chase-bank,jpmorgan-chase-bank,jpmorgan-chase-bank,jpmorgan-chase-bank,jpmorgan-chase-bank,jpmorgan-chase-bank,jpmorgan-chase-bank,jpmorgan-chase-bank,jpmorgan-chase-bank,jpmorgan-chase-bank,jpmorgan-chase-bank,jpmorgan-chase-bank,jpmorgan-chase-bank,jpmorgan-chase-bank,jpmorgan-chase-bank,jpmorgan-chase-bank,jpmorgan-chase-bank,jpmorgan-chase-bank,jpmorgan-chase-bank,jpmorgan-chase-bank,jpmorgan-chase-bank,jpmorgan-chase-bank,jpmorgan-chase-bank,jpmorgan-chase-bank,jpmorgan-chase-bank,jpmorgan-chase-bank,jpmorgan-chase-bank,jpmorgan-chase-bank,jpmorgan-chase-bank,jpmorgan-chase-bank,jpmorgan-chase-bank,jpmorgan-chase-bank,jpmorgan-chase-bank,jpmorgan-chase-bank,jpmorgan-chase-bank,jpmorgan-chase-bank,jpmorgan-chase-bank
2023 Q4,39.75%,5.1189%,1.9710%,3.1479%,1.7100%,2.3642%,0.2700%,1.5003%,1.4278%,1.7906%,15.3700%,-4.3700%,0.4945%,151.6202%,128.4319%,1.6780%,235.6013%,0.3028%,0.7122%,38.5500%,52.3858%,72.8667%,60.0200%,8.8150%,7.8503%,17.3455%,0.4945%,0.0271%,0.1607%,0.3225%,-0.0011%,-0.0177%,-0.3223%,-0.0004%,0.4738%,1.7486%,2.4245%,0.4141%,0.0053%,0.7122%,0.9922%,1.6789%,0.8564%,0.0761%,1.2515%,5.6716%,1.0300%,0.8546%,0.7759%,1.0469%,0.2085%,1.7738%,2.7110%
2023 Q3,40.86%,4.9590%,1.8481%,3.1109%,1.8200%,2.2669%,0.2600%,1.6400%,1.5666%,1.9684%,16.6500%,5.5165%,0.4357%,168.6113%,66.8621%,1.6595%,224.5614%,0.3112%,0.7390%,38.3100%,52.7288%,71.4895%,59.6900%,9.3869%,8.5366%,18.4535%,0.4357%,0.0204%,0.0000%,0.3631%,-0.0015%,-0.0284%,-0.3478%,-0.0097%,0.3857%,1.6475%,2.3149%,0.3502%,0.0073%,0.7390%,0.9999%,2.0598%,0.8565%,0.0662%,1.2541%,5.7103%,1.0200%,0.8739%,0.6863%,0.9479%,0.1774%,2.4466%,3.0368%
2023 Q2,41.00%,4.7678%,1.6997%,3.0680%,1.9000%,2.2577%,0.3100%,1.6517%,1.5659%,1.9598%,16.6200%,4.9869%,0.4197%,210.2309%,70.0035%,1.6753%,230.5807%,0.3021%,0.7266%,38.0400%,51.3413%,68.0243%,61.1400%,9.3244%,8.4400%,18.1751%,0.4197%,0.0203%,0.0000%,0.3834%,0.0000%,-0.0333%,-0.3893%,-0.0115%,0.3732%,1.5583%,2.2063%,0.2993%,0.0111%,0.7266%,1.0343%,2.1075%,0.7357%,0.0553%,1.3015%,5.6571%,1.0700%,0.9661%,0.6105%,0.8459%,0.1679%,1.6026%,3.4610%
2023 Q1,39.20%,4.5497%,1.5120%,3.0377%,1.7900%,2.2390%,0.2800%,1.5324%,1.4484%,1.8634%,15.3000%,2.2383%,0.3862%,180.3085%,85.3679%,1.7582%,225.6425%,0.2868%,0.7792%,34.2300%,45.2346%,59.1245%,62.5400%,9.4555%,8.6004%,18.4429%,0.3862%,-0.0167%,0.0000%,0.0468%,0.0000%,-0.0340%,-0.3626%,-0.0121%,0.2867%,1.4513%,2.0193%,0.3283%,0.0000%,0.7792%,1.3436%,2.7600%,0.6821%,0.0751%,1.8060%,6.2331%,1.5200%,0.8000%,0.6094%,0.8467%,0.1495%,1.2209%,4.4748%
2022 Q4,39.39%,2.8446%,0.5278%,2.3167%,1.5400%,2.0551%,0.1900%,1.0626%,1.0297%,1.3162%,11.4500%,6.2801%,0.2551%,217.9406%,45.1342%,1.7233%,230.0619%,0.2836%,0.7491%,35.1100%,46.0618%,59.6582%,62.9200%,9.4824%,8.2978%,18.0601%,0.2551%,-0.0582%,-0.0109%,0.0070%,0.0026%,-0.0908%,-0.5856%,-0.0544%,0.2267%,0.9817%,1.4428%,0.1611%,-0.0491%,0.7491%,1.3487%,3.4993%,0.5012%,0.0652%,1.8286%,6.0614%,1.5400%,0.6851%,0.5122%,0.6908%,0.1518%,1.5022%,5.6716%
2022 Q3,38.91%,2.4275%,0.3192%,2.1083%,1.5700%,2.0243%,0.1600%,0.9793%,0.9343%,1.2074%,10.5200%,6.9552%,0.2353%,192.7282%,33.8926%,1.6272%,211.5819%,0.2748%,0.7691%,33.2100%,43.9141%,56.3051%,62.8500%,8.9847%,7.9487%,17.4772%,0.2353%,-0.0650%,-0.0146%,0.0218%,0.0017%,-0.1033%,-0.6279%,-0.0639%,0.2133%,0.9203%,1.3802%,0.1288%,0.0000%,0.7691%,1.3768%,3.5639%,0.4894%,0.0669%,1.8657%,6.0002%,1.5800%,0.7303%,0.4233%,0.5789%,0.1376%,1.1117%,5.9597%
2022 Q2,38.10%,2.0780%,0.1539%,1.9241%,1.5621%,1.9981%,0.1509%,0.8667%,0.8439%,1.1051%,9.5387%,6.8698%,0.2221%,212.3660%,27.9799%,1.5980%,195.3655%,0.2846%,0.8179%,32.3250%,42.8783%,54.4497%,62.9569%,8.7921%,7.7319%,17.1528%,0.2221%,-0.0678%,-0.0218%,0.0327%,0.0000%,-0.1084%,-0.6519%,-0.0666%,0.1997%,0.9043%,1.3699%,0.1205%,0.0000%,0.8179%,1.5209%,3.5143%,0.5893%,0.1940%,2.0071%,5.9562%,1.7213%,0.7979%,0.3899%,0.5148%,0.1704%,0.9719%,7.1114%
2022 Q1,37.08%,1.8937%,0.0796%,1.8141%,1.5808%,2.0247%,0.1717%,0.7897%,0.7529%,0.9674%,8.4837%,8.4837%,0.2046%,242.5993%,0.0000%,1.5892%,179.3406%,0.2940%,0.8862%,30.6131%,40.3917%,51.0604%,63.3104%,8.6045%,7.7729%,16.8867%,0.2046%,-0.0645%,0.0000%,0.0559%,0.0000%,-0.1082%,-0.6153%,-0.0680%,0.1581%,0.8614%,1.2997%,0.1400%,0.0000%,0.8862%,1.6846%,3.5375%,0.6625%,0.1086%,2.2727%,6.0506%,1.9774%,0.8190%,0.3825%,0.5478%,0.1143%,1.1049%,9.4220%
2021 Q4,37.01%,1.8843%,0.0719%,1.8124%,1.6440%,2.0157%,-0.2901%,1.1960%,1.1877%,1.5311%,13.2645%,13.2645%,0.2735%,-316.5096%,0.0000%,1.5093%,164.7686%,0.3320%,0.9160%,32.3173%,41.9170%,52.3802%,65.1009%,9.1578%,8.0035%,17.8114%,0.2735%,-0.0708%,0.0000%,0.0287%,-0.0014%,-0.1120%,-0.6402%,-0.0626%,0.2725%,1.1597%,1.8414%,0.0361%,0.0000%,0.9160%,1.7249%,3.5961%,0.5506%,0.1349%,2.3383%,6.1800%,2.0294%,0.9433%,0.3759%,0.5009%,0.1671%,1.3527%,12.8169%
2021 Q3,36.35%,1.8766%,0.0729%,1.8037%,1.7203%,2.0419%,-0.3360%,1.2644%,1.2514%,1.6104%,14.0595%,14.0595%,0.2974%,-339.4384%,0.0000%,1.7257%,186.1085%,0.3335%,0.9272%,31.3954%,41.3311%,51.9801%,63.5551%,8.9978%,8.0666%,17.6849%,0.2974%,-0.0704%,0.0000%,0.0288%,-0.0018%,-0.1116%,-0.6276%,-0.0615%,0.2923%,1.2850%,2.0601%,0.0122%,0.0000%,0.9272%,1.8471%,3.3405%,1.0357%,0.3530%,2.3697%,5.9927%,2.0582%,0.7026%,0.3817%,0.4907%,0.2130%,0.6179%,8.1769%
2021 Q2,37.17%,1.8813%,0.0719%,1.8094%,1.8139%,2.1138%,-0.4115%,1.3070%,1.2999%,1.7185%,14.6596%,14.6596%,0.3466%,-392.7973%,0.0000%,1.8569%,182.5606%,0.3727%,1.0171%,32.2943%,42.8722%,54.1878%,63.0496%,9.0320%,7.8777%,17.7028%,0.3466%,-0.0706%,0.0000%,0.0048%,-0.0027%,-0.1076%,-0.5829%,-0.0597%,0.3237%,1.5215%,2.4256%,0.0054%,0.0000%,1.0171%,1.9699%,3.6082%,1.1716%,0.3503%,2.5302%,5.9949%,2.2113%,0.8336%,0.4094%,0.5336%,0.2088%,0.6006%,7.9985%
2021 Q1,37.26%,1.9007%,0.0702%,1.8306%,1.8446%,2.1387%,-0.5361%,1.4116%,1.4138%,1.8781%,16.0971%,16.0971%,0.4119%,-405.0189%,0.0000%,2.2386%,194.5427%,0.3982%,1.1507%,31.3054%,42.2914%,53.4248%,61.9299%,8.6475%,7.7694%,17.3161%,0.4119%,-0.0575%,0.0000%,-0.0097%,0.0000%,-0.0864%,-0.4700%,-0.0459%,0.4130%,1.7732%,2.7552%,0.0940%,0.0000%,1.1507%,2.1090%,4.0074%,1.2346%,0.1119%,2.7878%,5.7291%,2.4879%,1.0207%,0.5548%,0.7959%,0.1734%,0.6680%,8.0633%
2020 Q4,37.00%,2.4421%,0.2054%,2.2367%,1.8338%,2.2551%,0.5953%,0.7419%,0.7651%,0.9881%,8.2568%,5.9013%,0.5287%,309.2220%,28.5280%,2.7662%,220.4937%,0.4530%,1.2545%,32.9032%,44.1723%,56.4801%,61.9184%,8.9268%,7.8860%,16.8915%,0.5287%,-0.0429%,-0.0103%,0.0297%,-0.0040%,-0.0687%,-0.0946%,-0.0655%,0.6223%,1.9988%,2.8494%,0.1969%,0.0000%,1.2545%,2.2235%,3.7270%,1.2774%,0.0791%,2.9943%,5.5733%,2.7132%,1.1797%,0.6637%,0.8954%,0.2362%,0.1133%,7.9966%
2020 Q3,37.59%,2.5754%,0.2546%,2.3208%,1.9100%,2.3624%,0.8875%,0.5530%,0.5818%,0.7412%,6.2140%,3.0254%,0.5683%,420.0948%,51.3128%,3.0956%,226.7113%,0.5033%,1.3654%,33.6012%,45.8016%,58.2812%,61.1647%,9.1022%,7.9076%,16.8224%,0.5683%,-0.0396%,-0.0139%,0.0399%,-0.0054%,-0.0646%,0.0098%,-0.0739%,0.6215%,2.2038%,3.1100%,0.2136%,0.0000%,1.3654%,2.3322%,3.8056%,1.0239%,0.0684%,3.1879%,5.0153%,2.9802%,1.3404%,0.5153%,0.6739%,0.2135%,1.7222%,9.3773%
2020 Q2,36.29%,2.7967%,0.3353%,2.4614%,1.9590%,2.4289%,1.3623%,0.2653%,0.2812%,0.3474%,2.9734%,-1.8759%,0.6130%,587.9828%,163.0878%,3.2648%,317.9124%,0.4302%,1.0269%,33.6865%,46.3530%,57.9768%,60.4290%,8.9608%,7.8733%,16.0868%,0.6130%,-0.0623%,-0.0212%,0.0600%,0.0000%,-0.1039%,-0.0216%,-0.1145%,0.6901%,2.3532%,3.2398%,0.3114%,0.0000%,1.0269%,1.4465%,0.9618%,0.9871%,0.0972%,1.9767%,4.4385%,1.6676%,1.1613%,0.7097%,0.9324%,0.2461%,0.0703%,6.2649%
2020 Q1,34.60%,3.1774%,0.5287%,2.6487%,1.7209%,2.5739%,1.1809%,0.2369%,0.2693%,0.3115%,2.7664%,-7.0376%,0.5928%,504.6971%,354.4005%,2.2792%,282.7674%,0.3551%,0.8060%,37.0205%,52.3162%,68.0092%,57.1375%,9.0488%,8.3899%,14.5947%,0.5928%,-0.1302%,-0.0429%,-0.0100%,0.0000%,-0.1941%,-0.0564%,-0.2121%,0.6157%,2.4136%,3.2807%,0.3196%,0.0000%,0.8060%,1.2650%,1.0496%,0.4682%,0.0374%,1.7838%,3.9503%,1.5046%,0.6904%,0.7911%,1.0305%,0.2419%,0.2368%,8.3364%
2019 Q4,37.33%,3.6457%,0.8166%,2.8291%,1.9647%,2.5579%,0.2304%,1.3115%,1.3229%,1.6784%,12.5089%,2.1310%,0.5830%,96.9444%,82.9637%,1.3608%,171.8144%,0.3803%,0.7920%,40.6405%,57.5607%,74.4791%,57.9400%,10.5276%,8.7893%,15.3935%,0.5830%,-0.0206%,0.0511%,0.0229%,-0.0014%,-0.0349%,-0.0891%,-0.0276%,0.4572%,2.2889%,3.1045%,0.3467%,0.0000%,0.7920%,1.3288%,1.0572%,0.3436%,0.0391%,1.9007%,3.8482%,1.6423%,0.6182%,0.7433%,0.9615%,0.1907%,0.0666%,13.4898%
2019 Q3,37.04%,3.6923%,0.8541%,2.8382%,1.9563%,2.5497%,0.2274%,1.3301%,1.3394%,1.6869%,12.6499%,2.3180%,0.5706%,98.0169%,81.6754%,1.3927%,145.5877%,0.4413%,0.9566%,39.5275%,57.7491%,75.5504%,56.0736%,10.3559%,8.7760%,15.4282%,0.5706%,-0.0109%,0.0807%,0.0307%,0.0000%,-0.0359%,-0.0998%,-0.0272%,0.4001%,2.3018%,3.1424%,0.3318%,0.0000%,0.9566%,1.5734%,1.0464%,0.7078%,0.0463%,2.2007%,3.8984%,1.9678%,0.9629%,0.7129%,0.9240%,0.2117%,0.2749%,18.3431%
2019 Q2,37.28%,3.7063%,0.8606%,2.8457%,1.9248%,2.5439%,0.2164%,1.3444%,1.3533%,1.6818%,12.6889%,2.4451%,0.5688%,93.1621%,80.7303%,1.3721%,141.8231%,0.4541%,0.9674%,40.1325%,58.8431%,76.3933%,55.6825%,10.9034%,9.3593%,16.1983%,0.5688%,-0.0146%,0.1410%,-0.0052%,0.0000%,-0.0248%,-0.0305%,-0.0241%,0.3731%,2.3561%,3.2166%,0.3488%,0.0000%,0.9674%,1.6080%,0.9456%,0.7004%,0.0513%,2.2065%,3.7408%,1.9992%,0.8883%,0.6779%,0.8804%,0.2007%,0.0725%,20.3452%
2019 Q1,38.12%,3.2947%,0.8484%,2.4463%,2.1303%,2.5552%,0.1204%,1.2766%,1.2892%,1.6382%,13.4905%,2.3567%,0.2498%,124.5872%,82.5309%,1.1573%,108.8496%,0.4636%,1.0632%,37.1201%,53.8687%,69.9143%,56.5048%,9.4617%,8.5674%,14.8645%,0.2498%,0.0050%,0.3242%,-0.0104%,0.0000%,-0.0029%,0.0598%,-0.0114%,0.1951%,1.6158%,3.3613%,0.3993%,0.0000%,1.0632%,1.7344%,1.1586%,0.7763%,0.0574%,2.3213%,3.8752%,2.1109%,0.9179%,0.5633%,1.0827%,0.2073%,0.0763%,24.4619%
2018 Q4,37.02%,3.0014%,0.6236%,2.3778%,2.0625%,2.5517%,0.0742%,1.1796%,1.1819%,1.5398%,12.0476%,0.6128%,0.1964%,96.7184%,94.9134%,1.1170%,105.2643%,0.4900%,1.0611%,39.4100%,56.1282%,71.2662%,57.7389%,9.6543%,8.5534%,14.7226%,0.1964%,-0.0736%,0.0201%,0.0027%,-0.0014%,-0.1061%,0.0243%,-0.1257%,0.1867%,1.4867%,3.2293%,0.4004%,-0.0806%,1.0611%,1.8639%,1.5792%,0.8684%,0.0744%,2.4488%,3.8720%,2.2535%,0.6659%,0.5652%,1.0311%,0.2352%,0.0853%,28.4420%
2018 Q3,36.75%,2.9266%,0.5716%,2.3550%,2.1447%,2.5718%,0.0526%,1.2328%,1.2360%,1.6025%,12.5485%,1.6589%,0.1888%,71.6194%,86.7797%,1.1200%,102.2833%,0.4487%,1.0950%,38.7409%,55.2114%,71.0165%,57.5987%,9.8002%,8.8080%,14.6570%,0.1888%,-0.0864%,0.0267%,0.0000%,-0.0019%,-0.1236%,0.0389%,-0.1486%,0.1862%,1.4872%,3.2900%,0.4002%,-0.1100%,1.0950%,1.9397%,0.2312%,0.5106%,0.0729%,2.6438%,3.9004%,2.4661%,0.5744%,0.5077%,0.9620%,0.2173%,0.2641%,31.5102%
2018 Q2,37.67%,2.8568%,0.5293%,2.3275%,2.1948%,2.5975%,0.0683%,1.2420%,1.2506%,1.5973%,12.6754%,1.9272%,0.2157%,81.6979%,84.7958%,1.1541%,93.1074%,0.5110%,1.2395%,38.9615%,55.3179%,69.2144%,58.7762%,9.9405%,8.7651%,14.7483%,0.2157%,-0.0713%,0.0000%,0.0000%,0.0000%,-0.1015%,0.0936%,-0.1324%,0.1882%,1.5129%,3.4103%,0.3916%,-0.1682%,1.2395%,2.1766%,0.3253%,0.6393%,0.0762%,2.9578%,4.0557%,2.7940%,0.7501%,0.5029%,0.9364%,0.2374%,0.2870%,31.4229%
2018 Q1,37.08%,2.7605%,0.4741%,2.2864%,2.1474%,2.5915%,0.0737%,1.2001%,1.2298%,1.5439%,12.5114%,2.1947%,0.2435%,78.7402%,82.4588%,1.1831%,82.8229%,0.5710%,1.4285%,37.8112%,53.3112%,67.3484%,58.6253%,9.7714%,8.7960%,14.4110%,0.2435%,0.0140%,0.0000%,-0.0110%,0.0000%,0.0214%,0.1832%,-0.0050%,0.1569%,1.5629%,3.4227%,0.4837%,-0.3389%,1.4285%,2.4902%,0.2828%,0.6395%,0.0681%,3.4043%,4.2779%,3.2664%,0.8706%,0.5403%,1.0510%,0.2416%,0.2764%,33.5386%
2017 Q4,35.61%,2.5456%,0.3727%,2.1729%,1.9661%,2.4160%,0.0870%,0.8901%,0.8873%,1.3905%,9.0441%,2.8332%,0.2972%,77.1310%,68.6741%,1.2177%,79.8685%,0.6144%,1.5247%,38.1994%,53.2778%,67.1209%,59.4123%,9.8882%,8.7132%,14.6607%,0.2972%,0.0149%,0.0000%,0.0225%,-0.0044%,0.0186%,0.1660%,-0.0091%,0.2050%,1.8997%,3.1334%,1.2763%,-0.0587%,1.5247%,2.5871%,0.2938%,0.6339%,0.0613%,3.5433%,4.1942%,3.4343%,1.0191%,0.5694%,1.0691%,0.2817%,0.3657%,34.3369%
2017 Q3,35.59%,2.4978%,0.3518%,2.1460%,2.0102%,2.4185%,0.0845%,0.9888%,0.9864%,1.4131%,10.0736%,4.0048%,0.3158%,70.8814%,60.2448%,1.2392%,84.2808%,0.5834%,1.4703%,37.3728%,52.2438%,66.1217%,58.9382%,9.8596%,8.7810%,15.0852%,0.3158%,0.0248%,-0.0150%,0.0113%,-0.0039%,0.0342%,0.2083%,0.0006%,0.1933%,2.0336%,3.1189%,1.5034%,-0.0800%,1.4703%,2.5138%,0.5716%,0.7250%,0.0621%,3.4071%,3.9685%,3.3084%,0.9114%,0.5494%,1.0023%,0.3075%,0.3539%,33.7925%
2017 Q2,35.41%,2.4358%,0.3182%,2.1176%,2.0397%,2.4351%,0.0781%,0.9705%,0.9672%,1.4044%,9.9006%,4.1181%,0.3435%,60.3198%,58.4055%,1.2494%,81.4466%,0.6051%,1.5341%,37.1782%,51.9591%,65.7503%,59.0201%,9.7654%,8.7382%,15.0084%,0.3435%,0.0260%,0.0000%,-0.0114%,-0.0059%,0.0399%,0.2312%,0.0018%,0.1785%,2.2881%,3.1317%,1.8880%,-0.1215%,1.5341%,2.6281%,0.2995%,0.7106%,0.0668%,3.5718%,3.9129%,3.5080%,0.9993%,0.4974%,0.9124%,0.2785%,0.4112%,34.0977%
2017 Q1,36.17%,2.3998%,0.2856%,2.1141%,1.9936%,2.4714%,0.1103%,0.9443%,0.9435%,1.2907%,9.6562%,3.8369%,0.4649%,62.8510%,60.2652%,1.2929%,76.3785%,0.6644%,1.6928%,36.9480%,51.9873%,65.1197%,59.2082%,9.6975%,8.7217%,14.9426%,0.4649%,0.0513%,0.0000%,-0.0115%,-0.0060%,0.0759%,0.3839%,0.0126%,0.0776%,3.2646%,3.0780%,3.3487%,0.0000%,1.6928%,2.8581%,0.4377%,0.7487%,0.0653%,3.9030%,3.9824%,3.8873%,1.0573%,0.7954%,0.9920%,0.7068%,0.6494%,35.8234%
2016 Q4,35.46%,2.3315%,0.2591%,2.0724%,1.9677%,2.3505%,0.1082%,0.9473%,0.9512%,1.3376%,9.6682%,4.6774%,0.2764%,103.3302%,51.6209%,1.3507%,72.7328%,0.7421%,1.8570%,37.5741%,52.8695%,65.9882%,59.3561%,9.8467%,8.5856%,14.6234%,0.2764%,0.0541%,-0.0140%,-0.0094%,-0.0016%,0.0768%,0.3195%,0.0193%,0.3724%,1.2535%,2.6980%,0.6480%,0.0000%,1.8570%,3.0799%,0.3226%,0.7757%,0.0961%,4.2203%,3.9650%,4.2745%,1.3106%,0.8705%,0.9279%,0.8447%,0.5434%,36.3427%
2016 Q3,34.59%,2.3236%,0.2594%,2.0641%,2.0070%,2.3679%,0.1346%,0.9017%,0.9069%,1.3245%,9.2198%,4.1996%,0.2644%,134.6280%,54.4504%,1.4147%,72.8662%,0.7612%,1.9414%,36.8724%,52.5678%,66.6021%,58.1529%,9.5769%,8.6406%,14.0470%,0.2644%,0.0555%,0.0000%,0.0127%,-0.0043%,0.0758%,0.3067%,0.0196%,0.3714%,1.1735%,2.6613%,0.5617%,0.0000%,1.9414%,3.2432%,0.4642%,0.8230%,0.1008%,4.3942%,3.9784%,4.4865%,1.3266%,0.8875%,0.9342%,0.8684%,0.4011%,35.3377%
2016 Q2,35.12%,2.3381%,0.2623%,2.0759%,2.0197%,2.3436%,0.1708%,0.8983%,0.9022%,1.3305%,9.0868%,4.0352%,0.2695%,166.9608%,55.5926%,1.4645%,73.0552%,0.8036%,2.0046%,37.4009%,54.4921%,69.9701%,56.3229%,9.7862%,8.7359%,14.0189%,0.2695%,0.0554%,0.0000%,0.0065%,-0.0033%,0.0761%,0.3066%,0.0183%,0.4207%,1.1425%,2.6482%,0.5231%,0.0000%,2.0046%,3.3956%,0.4019%,0.7526%,0.1285%,4.5966%,4.0585%,4.7225%,1.3239%,0.8321%,0.7449%,0.8694%,0.4689%,36.0374%
2016 Q1,35.35%,2.3313%,0.2618%,2.0695%,1.9809%,2.4246%,0.2035%,0.8468%,0.8541%,1.1824%,8.5381%,3.4510%,0.2583%,207.4689%,59.5806%,1.4912%,67.2931%,0.8756%,2.2159%,36.9650%,53.5380%,68.8711%,56.4269%,9.8039%,8.9219%,13.8171%,0.2583%,0.0629%,0.0000%,0.0000%,-0.0202%,0.0918%,0.3846%,0.0157%,0.3167%,1.1764%,2.5874%,0.6068%,0.0000%,2.2159%,3.7792%,0.6168%,0.8036%,0.1433%,5.0849%,4.2050%,5.3052%,1.3224%,0.8553%,0.8064%,0.8749%,0.4729%,36.9011%
2015 Q4,35.25%,2.1131%,0.2095%,1.9036%,1.9586%,2.4572%,0.0602%,0.8359%,0.8427%,1.1404%,8.8234%,4.6535%,0.2336%,74.6453%,47.2590%,1.4680%,65.7520%,0.9046%,2.2326%,37.8855%,55.2484%,70.8615%,56.2701%,10.2127%,8.8438%,14.1183%,0.2336%,0.0871%,-0.0352%,0.0072%,-0.0018%,0.1219%,0.3774%,0.0374%,0.1365%,1.0979%,2.2523%,0.6449%,0.0000%,2.2326%,4.1505%,0.6029%,0.7884%,0.1666%,5.6093%,4.1821%,5.9945%,0.6106%,0.9396%,0.7577%,1.0132%,0.1983%,41.3483%
2015 Q3,33.60%,2.0589%,0.2047%,1.8542%,1.9606%,2.4558%,0.0402%,0.8264%,0.8320%,1.1214%,8.8552%,4.6654%,0.2261%,52.8041%,47.3149%,1.5049%,62.8246%,0.9201%,2.3955%,35.8902%,53.8272%,69.7471%,53.5392%,9.9109%,8.6795%,13.8520%,0.2261%,0.0951%,-0.0478%,0.0194%,-0.0025%,0.1322%,0.4064%,0.0366%,0.1073%,1.0608%,2.2388%,0.6023%,0.0000%,2.3955%,4.4673%,0.6898%,0.8144%,0.2148%,6.0348%,4.2193%,6.5705%,0.6637%,0.9244%,0.6551%,1.0300%,0.1798%,41.3848%
2015 Q2,32.57%,2.0628%,0.2112%,1.8515%,2.0030%,2.3964%,0.0645%,0.8571%,0.8629%,1.1728%,9.3764%,5.1308%,0.2424%,81.4815%,45.2796%,1.6084%,62.5282%,0.9521%,2.5723%,34.4279%,51.0198%,66.7327%,54.2475%,9.6063%,8.1714%,13.3523%,0.2424%,0.1271%,0.0000%,0.0441%,0.0000%,0.1735%,0.4143%,0.0843%,0.1314%,1.0287%,2.2517%,0.5534%,0.0000%,2.5723%,5.0776%,0.5056%,0.7953%,0.2295%,6.9351%,4.3092%,7.8019%,0.5148%,0.9221%,0.6064%,1.0431%,0.2173%,42.0086%
2015 Q1,29.27%,2.0298%,0.2129%,1.8169%,2.0156%,2.3884%,0.0675%,0.8417%,0.8487%,1.1621%,9.4170%,9.4170%,0.2603%,82.2430%,0.0000%,1.6911%,59.8474%,0.9490%,2.8257%,31.1139%,45.7226%,61.1931%,53.2169%,9.0783%,7.9673%,13.1215%,0.2603%,0.1423%,0.0000%,0.0294%,0.0000%,0.1973%,0.4552%,0.0961%,0.1418%,1.0684%,2.2079%,0.6224%,0.0000%,2.8257%,5.7173%,0.6190%,0.9006%,0.2537%,7.8607%,4.3532%,9.1697%,0.3947%,1.0201%,0.6964%,1.1411%,0.0000%,43.2146%
2014 Q4,28.26%,2.1844%,0.2418%,1.9426%,1.8885%,2.5320%,0.0457%,0.7369%,0.7388%,1.0119%,8.2943%,8.2943%,0.3365%,42.4988%,0.0000%,1.7407%,58.3350%,0.9966%,2.9840%,30.8827%,44.5185%,60.6333%,53.6966%,8.9618%,7.9884%,12.5293%,0.3365%,0.1750%,-0.0904%,0.0147%,-0.0042%,0.2462%,0.5747%,0.0957%,0.1707%,1.3919%,2.6919%,0.8700%,-0.0094%,2.9840%,6.2104%,1.1211%,0.9908%,0.2588%,8.5817%,4.2924%,10.3568%,0.3142%,1.0425%,0.6158%,1.2170%,0.0000%,43.0267%
2014 Q3,29.19%,2.2062%,0.2497%,1.9565%,1.9715%,2.5568%,0.0348%,0.7691%,0.7706%,1.0916%,8.6652%,8.6652%,0.3260%,33.2049%,0.0000%,1.8581%,60.0404%,1.0500%,3.0947%,31.2658%,45.5896%,61.7171%,52.2666%,9.0936%,8.0157%,12.0565%,0.3260%,0.1760%,-0.0622%,-0.0294%,-0.0086%,0.2523%,0.6270%,0.0763%,0.1564%,1.3494%,2.5465%,0.8711%,-0.0131%,3.0947%,6.4696%,1.0533%,1.0653%,0.3134%,8.8989%,4.1010%,11.0110%,0.3452%,1.0081%,0.6630%,1.1420%,0.0000%,41.8733%
2014 Q2,27.94%,2.2120%,0.2652%,1.9469%,1.9496%,2.4980%,0.0422%,0.8214%,0.8235%,1.1133%,9.3315%,9.3315%,0.3326%,39.3567%,0.0000%,1.9224%,60.0941%,1.1027%,3.1990%,31.5553%,46.1714%,63.8156%,51.5747%,8.9688%,7.9113%,11.9149%,0.3326%,0.2016%,-0.0477%,-0.0589%,-0.0043%,0.2891%,0.6941%,0.0948%,0.1480%,1.3427%,2.5703%,0.8475%,-0.0206%,3.1990%,6.8035%,1.3184%,1.0778%,0.3741%,9.3313%,4.0543%,11.7679%,0.4448%,0.8702%,0.6444%,0.9626%,0.0000%,41.4879%
2014 Q1,28.97%,2.2181%,0.2712%,1.9469%,1.7729%,2.4622%,0.0799%,0.6625%,0.6654%,0.9322%,7.6038%,7.6038%,0.3649%,67.8819%,0.0000%,2.0436%,61.7061%,1.1436%,3.3118%,31.3394%,46.2544%,64.2349%,51.1536%,8.8098%,7.6758%,13.3148%,0.3649%,0.2486%,-0.0987%,-0.0443%,0.0000%,0.3564%,0.7984%,0.1402%,0.1947%,1.2982%,2.5430%,0.7997%,-0.0441%,3.3118%,6.9275%,0.9550%,1.2403%,0.3983%,9.4490%,4.1346%,12.0079%,0.4651%,0.9238%,0.7533%,0.9906%,0.0631%,39.8122%
2013 Q4,28.15%,2.2837%,0.3085%,1.9752%,1.9573%,2.5968%,-0.0665%,0.7717%,0.7935%,1.1653%,10.0207%,9.3716%,0.4319%,-47.9082%,6.4775%,2.0766%,59.3922%,1.2967%,3.4964%,31.8354%,46.7067%,64.6814%,51.6123%,8.6908%,7.3511%,13.7569%,0.4319%,0.4153%,-0.2702%,0.2425%,0.0048%,0.5344%,0.9922%,0.2865%,0.2421%,1.3498%,2.8006%,0.7930%,-0.1871%,3.4964%,7.3791%,1.1796%,1.3756%,0.4657%,9.9819%,4.0774%,12.9176%,0.4752%,0.9586%,0.7370%,1.0495%,0.0696%,41.3539%
2013 Q3,27.24%,2.2788%,0.3159%,1.9630%,2.0324%,2.8119%,-0.0671%,0.6946%,0.7257%,1.0263%,9.3939%,8.5068%,0.4432%,-47.2262%,9.4429%,2.2646%,59.0531%,1.3489%,3.8348%,30.6508%,45.8624%,65.0890%,49.1135%,7.7568%,6.5519%,12.9556%,0.4432%,0.4600%,-0.1815%,0.1943%,0.0000%,0.5996%,1.0618%,0.3441%,0.2536%,1.3249%,2.9070%,0.7282%,-0.2204%,3.8348%,8.0228%,1.4980%,1.5652%,0.5595%,10.7401%,3.9568%,14.2296%,0.5031%,0.9927%,0.7379%,1.0897%,0.1907%,40.7505%
2013 Q2,29.01%,2.3085%,0.3258%,1.9826%,2.1922%,2.5358%,-0.0132%,1.0088%,1.0554%,1.4399%,13.6803%,12.3377%,0.4600%,-8.8563%,9.8145%,2.5207%,55.2768%,1.5965%,4.5601%,31.0204%,48.3583%,68.8351%,47.0554%,7.7645%,6.3440%,12.5672%,0.4600%,0.5344%,0.0000%,0.1719%,-0.0100%,0.7015%,1.1238%,0.4626%,0.2364%,1.3252%,3.0545%,0.6747%,-0.0545%,4.5601%,9.6388%,2.0320%,1.7111%,0.5956%,12.8388%,4.7454%,17.2578%,0.5244%,1.0529%,0.7696%,1.1584%,0.4006%,38.3336%
2013 Q1,28.26%,2.3337%,0.3247%,2.0090%,2.1308%,2.5370%,0.0108%,1.0108%,1.0919%,1.4161%,14.2012%,11.4951%,0.5400%,6.1611%,19.0549%,2.6258%,53.5810%,1.7098%,4.9006%,31.2159%,47.5255%,69.2663%,46.6334%,7.6797%,6.3310%,12.5739%,0.5400%,0.6354%,-0.2310%,0.1789%,0.0102%,0.8375%,1.2699%,0.5886%,0.3002%,1.3608%,3.1483%,0.6849%,0.0000%,4.9006%,10.4549%,2.3236%,1.8648%,0.6757%,13.7579%,4.7818%,18.8357%,0.6082%,1.1469%,0.9025%,1.2371%,0.2346%,37.9174%
2012 Q4,49.85%,2.6031%,0.3861%,2.2170%,1.9125%,2.8726%,0.0370%,0.6736%,0.7573%,0.9896%,10.1259%,8.6747%,0.8186%,13.6118%,14.3318%,2.7465%,52.5606%,1.8563%,5.2255%,32.0926%,48.8414%,70.6497%,47.6946%,7.6986%,6.1585%,13.4035%,0.8186%,1.2056%,0.0000%,0.2728%,0.0807%,1.5498%,2.2445%,1.1564%,0.1131%,1.6780%,3.4359%,0.9689%,-0.0644%,5.2255%,11.0446%,4.1057%,1.8653%,0.6890%,14.4455%,4.6835%,20.1636%,0.8805%,1.1706%,0.9500%,1.2560%,0.0142%,39.1323%
2012 Q3,49.80%,2.6657%,0.4022%,2.2635%,1.9236%,2.9283%,0.0582%,0.6405%,0.7450%,0.9885%,10.0388%,8.0747%,0.9363%,18.7060%,19.5656%,2.9571%,52.5779%,1.9867%,5.6243%,31.9966%,49.8856%,73.6409%,46.0320%,7.6960%,6.0811%,12.8951%,0.9363%,1.3872%,-0.0918%,0.2389%,0.0719%,1.7954%,2.5532%,1.3699%,0.2728%,1.7019%,3.5387%,0.9534%,-0.0336%,5.6243%,11.7289%,3.7741%,2.1848%,0.9341%,15.2538%,5.0682%,20.8675%,1.0151%,1.1916%,0.9041%,1.3083%,0.1913%,38.3346%
2012 Q2,49.29%,2.7467%,0.4232%,2.3236%,1.8387%,3.0508%,-0.0091%,0.5620%,0.6832%,0.9158%,9.3221%,6.3271%,0.7992%,-3.4241%,32.1285%,3.0978%,55.8778%,2.0135%,5.5439%,32.7833%,51.1009%,75.5442%,45.9203%,7.5152%,5.8115%,12.4015%,0.7992%,1.0715%,0.0873%,0.1925%,0.1219%,1.3644%,1.8964%,1.0639%,0.3143%,1.6891%,3.7602%,0.8438%,-0.0245%,5.5439%,11.4419%,4.1313%,2.2212%,1.0300%,14.6938%,4.7231%,20.2653%,1.0727%,1.1352%,0.9286%,1.2177%,0.2277%,38.6018%
2012 Q1,47.12%,2.7999%,0.4210%,2.3789%,2.2330%,3.4288%,0.0315%,0.6140%,0.7034%,0.8888%,9.7208%,3.6699%,0.8295%,11.5108%,62.2471%,3.3726%,57.9334%,2.0376%,5.8215%,31.7255%,49.1864%,73.7592%,45.7226%,7.2532%,5.6515%,12.4398%,0.8295%,1.1347%,0.0863%,0.1577%,0.1304%,1.4416%,2.0472%,1.0977%,0.3319%,1.6184%,3.7585%,0.7353%,-0.0471%,5.8215%,11.7770%,6.5549%,2.5039%,1.2409%,14.8389%,4.7480%,20.5347%,1.0655%,1.3089%,1.2086%,1.3490%,0.2547%,37.7903%
2011 Q4,47.18%,2.9544%,0.5399%,2.4145%,2.0532%,2.9394%,0.3061%,0.6460%,0.7089%,0.9305%,9.8384%,5.0993%,1.1024%,85.2321%,48.1696%,3.5752%,60.7336%,2.0502%,5.8866%,32.0179%,48.7144%,73.4521%,46.0911%,7.2186%,5.5011%,13.0422%,1.1024%,1.3170%,0.3524%,0.3299%,0.1622%,1.6182%,2.1389%,1.3136%,0.7951%,2.0770%,4.6311%,1.0102%,1.5681%,5.8866%,11.6354%,7.4139%,2.5526%,1.3388%,14.4413%,2.9086%,21.0303%,1.2825%,1.2713%,1.2646%,1.2742%,0.1144%,36.7559%
2011 Q3,46.04%,2.9723%,0.5717%,2.4006%,2.2231%,3.0439%,0.2983%,0.6724%,0.7546%,1.0268%,10.4981%,5.1778%,1.0753%,85.5638%,50.6791%,3.7715%,61.4846%,2.1204%,6.1340%,30.4213%,47.4415%,72.6639%,43.5557%,7.0652%,5.4767%,12.9760%,1.0753%,1.3335%,0.3272%,0.3116%,0.1395%,1.6399%,2.1774%,1.3238%,0.8289%,2.0330%,4.9868%,0.8567%,2.1252%,6.1340%,11.4859%,7.5966%,3.0242%,2.0436%,13.9773%,2.7446%,20.5293%,1.6229%,1.3047%,1.2904%,1.3104%,0.0809%,31.4482%
2011 Q2,43.98%,2.9945%,0.5825%,2.4120%,2.1725%,3.1396%,0.2677%,0.5759%,0.6511%,0.9312%,9.0023%,2.5537%,1.1741%,69.7025%,71.6332%,3.7648%,57.8699%,2.2543%,6.5056%,30.6076%,47.9130%,77.3624%,41.4988%,7.0000%,5.4941%,13.1069%,1.1741%,1.3632%,0.2014%,0.3013%,0.1859%,1.6702%,2.2208%,1.3454%,0.9263%,2.1389%,5.4558%,0.8399%,3.1395%,6.5056%,11.8507%,8.1554%,2.9839%,2.5707%,14.2842%,2.7266%,21.0638%,1.9262%,1.3369%,1.4045%,1.3118%,0.2432%,27.8124%
2011 Q1,41.61%,2.9695%,0.5502%,2.4193%,2.1069%,3.0528%,0.2554%,0.6288%,0.6440%,0.8832%,8.7554%,2.2723%,1.2441%,61.8360%,74.0466%,3.8936%,54.4214%,2.5177%,7.1545%,31.1931%,49.1856%,80.4887%,40.7366%,7.1704%,5.7112%,13.4223%,1.2441%,1.4103%,0.8817%,0.2684%,0.2488%,1.7043%,2.4585%,1.2582%,1.2564%,2.1121%,5.8836%,0.6866%,6.1856%,7.1545%,12.5894%,10.3002%,6.0873%,3.2035%,14.6716%,2.6737%,21.7302%,2.2936%,1.5049%,1.7167%,1.4357%,1.0597%,26.4436%
2010 Q4,42.38%,3.1173%,0.5080%,2.6093%,2.1937%,3.0339%,0.5900%,0.5892%,0.7260%,0.9673%,9.2253%,-2.8660%,1.9833%,86.4610%,131.0671%,4.0473%,51.9533%,2.8396%,7.7902%,32.5989%,52.1464%,82.8021%,41.2748%,7.5518%,5.6944%,13.5050%,1.9833%,2.2315%,2.3500%,1.1115%,0.9286%,2.5073%,2.3868%,2.5863%,1.8462%,2.7056%,8.3369%,0,2.8745%,7.7902%,12.9808%,10.4553%,6.1609%,3.2891%,15.1125%,2.4687%,22.6323%,3.6057%,1.5299%,1.9743%,0,7.8078%,26.4803%
2010 Q3,28.83%,3.1376%,0.4950%,2.6426%,2.1877%,2.9933%,0.5494%,0.6525%,0.7566%,1.0318%,9.5181%,3.3375%,1.9792%,80.4147%,64.9351%,3.9776%,51.1818%,2.8511%,7.7715%,32.7765%,54.7054%,90.6395%,39.2819%,8.0459%,6.2599%,14.2692%,1.9792%,2.0983%,2.6095%,1.0510%,0.7631%,2.3564%,2.3601%,2.3539%,1.9875%,2.7726%,9.0534%,0,3.6252%,7.7715%,12.5455%,11.8913%,4.1800%,4.0949%,14.5077%,2.1130%,22.7611%,3.3702%,1.5077%,2.1984%,0,0.7446%,25.2800%
2010 Q2,29.10%,3.1783%,0.5146%,2.6637%,2.3216%,3.0560%,0.5888%,0.6773%,0.8236%,1.1451%,10.4028%,4.1782%,2.1979%,77.3176%,59.8355%,4.0161%,50.5978%,3.0232%,7.9373%,34.3125%,55.5241%,92.7420%,40.3759%,8.3480%,6.0935%,14.6062%,2.1979%,2.2715%,2.4085%,0.9588%,0.7207%,2.5863%,2.5513%,2.6098%,2.3457%,2.8995%,9.6121%,0,5.1066%,7.9373%,12.7315%,13.6426%,4.6668%,4.0484%,14.5341%,1.9907%,22.9229%,3.0942%,1.3910%,2.6046%,0,0.8638%,24.2909%
2010 Q1,28.06%,3.2106%,0.5220%,2.6886%,2.3068%,3.0864%,0.8264%,0.5334%,0.6623%,0.8525%,8.5886%,2.3058%,2.7000%,89.6923%,73.1529%,4.1505%,50.3950%,2.9201%,8.2360%,32.4583%,53.2561%,93.2317%,38.0074%,7.6063%,5.9723%,14.1216%,2.7000%,2.6997%,4.9125%,0.8270%,0.6703%,3.0701%,2.6985%,3.3202%,3.1924%,2.7735%,9.8572%,0,12.0316%,8.2360%,12.7884%,13.0848%,3.8724%,3.6932%,14.7678%,2.2078%,23.1529%,3.6708%,1.6884%,3.2343%,0,0.8609%,23.3218%
2009 Q4,26.95%,3.5501%,0.7421%,2.8080%,2.2093%,2.6108%,1.3359%,0.4429%,0.5016%,0.7123%,6.5207%,-5.2479%,2.5970%,142.5947%,180.4797%,4.2458%,51.9862%,2.9465%,8.1673%,32.9291%,52.3401%,96.9528%,38.7192%,7.8206%,5.9893%,13.5026%,2.5970%,2.6155%,3.1445%,1.0891%,0.9377%,2.9295%,2.6859%,3.0876%,2.1519%,4.0092%,11.5204%,0,0.1865%,8.1673%,11.9707%,13.3557%,3.4871%,3.3362%,13.7987%,2.3813%,21.5406%,4.4133%,1.7969%,3.8063%,0,2.7110%,20.9905%
2009 Q3,27.90%,3.6091%,0.7837%,2.8254%,2.3373%,2.6834%,1.3336%,0.4708%,0.5156%,0.7570%,6.7301%,-6.8474%,2.4167%,151.2646%,201.7423%,3.9438%,53.7387%,2.6940%,7.3389%,33.2611%,57.7054%,104.3225%,36.1184%,7.6680%,5.9311%,12.9394%,2.4167%,2.4534%,1.9793%,0.8270%,0.6069%,2.8214%,2.5617%,2.9882%,1.9188%,3.8653%,10.5932%,0,0.2385%,7.3389%,10.3530%,10.9272%,2.6924%,2.9770%,11.9140%,2.1819%,18.4878%,4.2862%,1.6606%,3.2564%,0,2.0180%,17.8061%
2009 Q2,24.05%,3.6874%,0.8200%,2.8673%,2.3095%,2.7052%,1.3873%,0.4146%,0.4659%,0.6885%,6.0838%,-0.0630%,2.1827%,171.3621%,101.0356%,3.6816%,62.1135%,2.2793%,5.9272%,34.5818%,59.0510%,107.6233%,37.1469%,7.8804%,6.1731%,13.0833%,2.1827%,2.3099%,1.3941%,0.2986%,0.4146%,2.7267%,2.5730%,2.8239%,1.8621%,3.6646%,8.7423%,0,0.2658%,5.9272%,8.4883%,7.7197%,2.7214%,2.4579%,9.7347%,2.0173%,14.9081%,2.7961%,1.7261%,3.6863%,0,1.7182%,13.5015%
2009 Q1,25.30%,3.8272%,0.8887%,2.9386%,2.4500%,2.6392%,1.4207%,0.5608%,0.5830%,0.8735%,7.7219%,1.5518%,1.7911%,210.6008%,79.9041%,3.2309%,68.3214%,1.9314%,4.7290%,36.0902%,62.1888%,111.4742%,37.7646%,7.7331%,6.0665%,12.6792%,1.7911%,2.0351%,0.7886%,0.1347%,0.4098%,2.4176%,2.3843%,2.4381%,0.8232%,3.6874%,7.1211%,0,0.0000%,4.7290%,7.1246%,6.1874%,1.8348%,1.8019%,8.1985%,2.0891%,12.0986%,1.8743%,1.5583%,2.7659%,0,1.5332%,15.8763%
2008 Q4,0.00%,0,0,0,0,0,0,0,0,0,0,0,0,0,0,0,0,0,0,0,0,0,0,0,0,0,1.2153%,1.5335%,1.3416%,0.0481%,0.0450%,1.7719%,1.3648%,2.0364%,0.5356%,2.4964%,4.6322%,0,0.0000%,3.4428%,5.2707%,3.5484%,0.9350%,1.1524%,6.1403%,1.8394%,8.6940%,1.1075%,1.4988%,2.2068%,0,0.2835%,15.2907%
2008 Q3,0.00%,0,0,0,0,0,0,0,0,0,0,0,0,0,0,0,0,0,0,0,0,0,0,0,0,0,1.1091%,1.5164%,1.2550%,0.0307%,-0.0155%,1.7382%,1.2745%,2.0497%,0.3669%,2.2996%,4.3787%,0,0.0000%,2.3997%,3.9056%,3.5574%,0.7606%,0.5237%,4.5552%,1.3579%,6.4360%,0.5468%,1.0821%,1.2153%,0,0.1389%,11.3507%
2008 Q2,0.00%,0,0,0,0,0,0,0,0,0,0,0,0,0,0,0,0,0,0,0,0,0,0,0,0,0,1.1117%,1.6149%,1.5667%,-0.0132%,-0.2789%,1.7946%,1.2724%,2.1748%,0.3533%,2.3830%,4.8166%,0,0.0000%,1.6170%,3.1276%,3.2960%,0.8184%,1.2179%,3.3764%,0.8258%,5.3917%,0.4661%,1.1860%,1.9068%,0,0.1918%,22.3175%
2008 Q1,0.00%,0,0,0,0,0,0,0,0,0,0,0,0,0,0,0,0,0,0,0,0,0,0,0,0,0,1.0294%,1.4303%,1.7325%,0.0000%,0.0000%,1.5744%,1.1051%,1.9028%,0.3106%,2.3137%,4.6300%,0,0.0000%,1.4887%,2.8348%,2.4142%,0.8134%,3.7657%,3.0656%,0.8340%,4.7871%,0.4354%,1.2333%,2.0097%,0,0.3797%,23.2584%
2007 Q4,0.00%,0,0,0,0,0,0,0,0,0,0,0,0,0,0,0,0,0,0,0,0,0,0,0,0,0,0.5513%,0.4210%,0.3448%,0.0849%,-0.1550%,0.4648%,0.3807%,0.5187%,0.1909%,1.9384%,3.4569%,0,0.0124%,1.2639%,2.1831%,1.5283%,0.6735%,4.1727%,2.3628%,0.6863%,3.4350%,0.2930%,1.2213%,1.7921%,0,0.0113%,22.8398%
2007 Q3,0.00%,0,0,0,0,0,0,0,0,0,0,0,0,0,0,0,0,0,0,0,0,0,0,0,0,0,0.4881%,0.3044%,0.0425%,0.0378%,-0.4216%,0.3475%,0.2870%,0.3864%,0.1821%,1.8285%,3.3165%,0,0.0000%,1.0536%,1.6444%,0.8050%,0.6897%,3.1722%,1.7665%,0.5007%,2.5766%,0.3976%,1.1070%,1.5809%,0,0.1003%,23.7636%
2007 Q2,0.00%,0,0,0,0,0,0,0,0,0,0,0,0,0,0,0,0,0,0,0,0,0,0,0,0,0,0.4368%,0.2395%,-0.0328%,0.0442%,0.0000%,0.2724%,0.2192%,0.3067%,0.1134%,1.7530%,3.1858%,0,0.0000%,0.8774%,1.3770%,0.7578%,0.5725%,4.7154%,1.4997%,0.4080%,2.2161%,0.4287%,0.9973%,1.4722%,0,0.0440%,26.1361%
2007 Q1,0.00%,0,0,0,0,0,0,0,0,0,0,0,0,0,0,0,0,0,0,0,0,0,0,0,0,0,0.4059%,0.2031%,0.0000%,0.0720%,0.0000%,0.2282%,0.1892%,0.2531%,0.1162%,1.6394%,3.1265%,0,0.0000%,0.9325%,1.4217%,0.7979%,0.7551%,5.1240%,1.5036%,0.3748%,2.2397%,0.5033%,1.0132%,1.5148%,0,0.0171%,28.2951%
2006 Q4,0.00%,0,0,0,0,0,0,0,0,0,0,0,0,0,0,0,0,0,0,0,0,0,0,0,0,0,0.3573%,0.1230%,0.1607%,0.0263%,0.0000%,0.1338%,0.1492%,0.1246%,0.1213%,1.5017%,2.9031%,0,-0.1386%,0.9063%,1.2024%,0.5702%,0.7340%,3.8580%,1.2743%,0.3573%,1.8436%,0.7407%,1.0626%,1.5375%,0,0.0184%,27.3869%
2006 Q3,0.00%,0,0,0,0,0,0,0,0,0,0,0,0,0,0,0,0,0,0,0,0,0,0,0,0,0,0.3179%,0.1086%,0.2582%,0.0181%,-0.4439%,0.1157%,0.1311%,0.1066%,0.0731%,1.4089%,2.8064%,0,-0.1714%,0.9189%,1.0948%,0.8277%,0.8267%,0.7055%,1.1444%,0.3122%,1.6583%,0.9070%,1.0368%,1.5104%,0,0.0698%,25.6822%
2006 Q2,0.00%,0,0,0,0,0,0,0,0,0,0,0,0,0,0,0,0,0,0,0,0,0,0,0,0,0,0.2960%,0.1014%,0.1631%,0.0139%,-0.3268%,0.1113%,0.1267%,0.1023%,0.0318%,1.2801%,2.5472%,0,-0.2438%,0.9218%,1.0238%,0.7675%,1.0082%,1.0050%,1.0445%,0.3016%,1.4802%,1.1316%,0.9815%,1.5401%,0,0.1270%,23.4054%
2006 Q1,0.00%,0,0,0,0,0,0,0,0,0,0,0,0,0,0,0,0,0,0,0,0,0,0,0,0,0,0.2908%,0.1165%,0.0659%,0.0567%,0.0000%,0.1279%,0.1320%,0.1255%,0.0000%,1.1632%,2.3154%,0,-0.4781%,0.8935%,1.1266%,0.7939%,1.2270%,1.3841%,1.1243%,0.3224%,1.5954%,0.9879%,0.7382%,1.0595%,0,0.1094%,25.0271%
2005 Q4,0.00%,0,0,0,0,0,0,0,0,0,0,0,0,0,0,0,0,0,0,0,0,0,0,0,0,0,0.4357%,0.0968%,0.0500%,0.1290%,0.3795%,0.0934%,0.1187%,0.0817%,0.0096%,1.9852%,3.9768%,0,-0.0536%,0.9547%,1.1267%,0.9225%,1.1353%,1.3616%,1.1267%,0.3082%,1.6121%,1.2226%,0.6753%,1.1669%,0,0.1402%,20.7782%
2005 Q3,0.00%,0,0,0,0,0,0,0,0,0,0,0,0,0,0,0,0,0,0,0,0,0,0,0,0,0,0.3772%,0.0956%,0.0222%,0.1005%,0.3240%,0.0977%,0.1297%,0.0840%,-0.0262%,1.7541%,3.4547%,0,-0.0762%,0.9316%,0.9763%,1.5537%,1.2599%,1.1921%,0.9177%,0.2714%,1.2869%,1.5153%,0.7357%,1.2888%,0,0.1967%,18.2192%
2005 Q2,0.00%,0,0,0,0,0,0,0,0,0,0,0,0,0,0,0,0,0,0,0,0,0,0,0,0,0,0.3736%,0.1038%,0.0326%,0.1378%,0.4730%,0.1014%,0.1702%,0.0756%,0.0227%,1.7138%,3.3801%,0,-0.1239%,0.9436%,0.9889%,1.0476%,1.3424%,1.3423%,0.9350%,0.2934%,1.1964%,1.6746%,0.6539%,1.1176%,0,0.2772%,16.2640%
2005 Q1,0.00%,0,0,0,0,0,0,0,0,0,0,0,0,0,0,0,0,0,0,0,0,0,0,0,0,0,0.4170%,0.1190%,0.0651%,0.1679%,0.8929%,0.1107%,0.1829%,0.0847%,0.0948%,1.7847%,3.4057%,0,-0.2035%,0.8427%,0.7065%,0.9369%,1.6678%,0.9249%,0.5668%,0.3542%,0.6486%,1.7286%,0.6578%,1.1852%,0,0.3425%,0.4228%
2004 Q4,0.00%,0,0,0,0,0,0,0,0,0,0,0,0,0,0,0,0,0,0,0,0,0,0,0,0,0,0.4501%,0.0801%,0.0159%,-0.0548%,0.3899%,0.1001%,0.1172%,0.0951%,0.4288%,2.0458%,3.8355%,0,0.1405%,0.8778%,0.7225%,1.0470%,1.4737%,4.0992%,0.5705%,0.4102%,0.6244%,2.5070%,0.5740%,0.8503%,0,0.5120%,0.3735%
2004 Q3,0.00%,0,0,0,0,0,0,0,0,0,0,0,0,0,0,0,0,0,0,0,0,0,0,0,0,0,0.2805%,0.0076%,0.0000%,-0.6471%,4.4817%,0.0243%,0.0329%,0.0231%,0.7261%,0.6598%,0,0,0.1549%,1.1002%,0.5289%,0.9761%,1.9667%,1.7094%,0.4706%,0.3401%,0.4914%,3.8099%,0.5112%,0,0,0.3356%,0.5775%
2004 Q2,0.00%,0,0,0,0,0,0,0,0,0,0,0,0,0,0,0,0,0,0,0,0,0,0,0,0,0,0.3203%,-0.0087%,0.0000%,-0.8347%,1.6713%,0.0218%,0.0000%,0.0247%,0.9472%,0.6361%,0,0,0.1112%,1.2168%,0.4025%,0.8160%,0.4391%,3.8462%,0.3734%,0.0815%,0.4153%,4.4099%,0.4789%,0,0,0.4362%,0.5699%
2004 Q1,0.00%,0,0,0,0,0,0,0,0,0,0,0,0,0,0,0,0,0,0,0,0,0,0,0,0,0,0.3661%,0.0180%,0.0000%,0.0000%,0.0000%,0.0193%,0.0000%,0.0217%,0.9929%,0.6657%,0,0,0.2245%,1.4561%,0.4965%,0.7647%,0.6429%,4.3796%,0.4618%,0.1080%,0.5093%,4.8791%,0.4528%,0,0,0.0543%,0.4506%
2003 Q4,0.00%,0,0,0,0,0,0,0,0,0,0,0,0,0,0,0,0,0,0,0,0,0,0,0,0,0,0.5699%,0.0251%,0.0000%,-0.1112%,0.0000%,0.0314%,0.0000%,0.0344%,1.5289%,0.7598%,0,0,-0.1724%,1.3940%,0.5134%,0.8643%,0.5213%,6.5217%,0.4763%,0.1045%,0.5214%,4.3221%,0.4995%,0,0,1.6841%,0.4283%
2003 Q3,0.00%,0,0,0,0,0,0,0,0,0,0,0,0,0,0,0,0,0,0,0,0,0,0,0,0,0,0.6943%,0.0215%,0.0000%,-0.1023%,0.0000%,0.0271%,0.0000%,0.0294%,1.9657%,0.7567%,0,0,-0.1529%,1.5798%,0.4492%,1.0526%,1.3093%,7.4074%,0.3891%,0.1023%,0.4133%,5.0290%,0.4968%,0,0,0.3018%,0.3690%
2003 Q2,0.00%,0,0,0,0,0,0,0,0,0,0,0,0,0,0,0,0,0,0,0,0,0,0,0,0,0,0.7170%,0.0279%,0.0000%,-0.0731%,0.0000%,0.0332%,0.0415%,0.0325%,1.9364%,0.7600%,0,0,-0.3383%,1.7102%,0.4670%,0.9443%,0.9555%,5.3691%,0.4107%,0.1335%,0.4347%,5.3090%,0.4932%,0,0,0.3432%,0.2921%
2003 Q1,0.00%,0,0,0,0,0,0,0,0,0,0,0,0,0,0,0,0,0,0,0,0,0,0,0,0,0,0.7949%,0.0323%,0.0000%,0.0000%,0.0000%,0.0348%,0.0868%,0.0302%,2.2007%,0.8508%,0,0,-0.6719%,2.0131%,0.5394%,1.1618%,1.6983%,6.0150%,0.4507%,0.1279%,0.4786%,5.5698%,0.4912%,0,0,0.2716%,0.2654%
2002 Q4,0.00%,0,0,0,0,0,0,0,0,0,0,0,0,0,0,0,0,0,0,0,0,0,0,0,0,0,1.2047%,0.0435%,-0.4082%,-0.5740%,0.6211%,0.0876%,0.0000%,0.0952%,3.0632%,0.9244%,0.0000%,0,-0.0350%,2.2661%,0.5370%,0.9058%,0.9950%,6.9231%,0.4747%,0.1547%,0.5027%,6.2656%,0.5830%,0,0,0.3466%,0.2396%
2001 Q4,0.00%,0,0,0,0,0,0,0,0,0,0,0,0,0,0,0,0,0,0,0,0,0,0,0,0,0,0.6387%,0.0499%,0.3028%,-0.1129%,0.0000%,0.0622%,0.0358%,0.0641%,1.2999%,0.8361%,0.0000%,0,0.4755%,1.3628%,0.6658%,4.7231%,1.2266%,1.6787%,0.5307%,0.1858%,0.5599%,2.9138%,0.7068%,0.0000%,0,0.5877%,0.2471%
2000 Q4,0.00%,0,0,0,0,0,0,0,0,0,0,0,0,0,0,0,0,0,0,0,0,0,0,0,0,0,0.3628%,0.0893%,0.2734%,-0.3218%,0.0000%,0.1104%,0.3237%,0.0979%,0.5605%,0.8896%,3.6651%,0,0.3735%,1.0004%,0.5522%,4.9655%,1.0989%,4.4199%,0.4332%,0.3656%,0.4375%,1.9255%,0.5454%,1.1019%,0,0.9771%,0.4428%
1999 Q4,0.00%,0,0,0,0,0,0,0,0,0,0,0,0,0,0,0,0,0,0,0,0,0,0,0,0,0,0.5131%,0.0055%,0.0000%,-0.5936%,0.0000%,0.0408%,0.0567%,0.0398%,1.0407%,0.8810%,4.7009%,0,-0.0980%,1.0827%,0.6089%,4.8387%,1.4698%,0.0000%,0.4908%,0.3112%,0.5014%,1.8694%,0.7200%,0.9681%,0,0.1540%,0.1391%
1998 Q4,0.00%,0,0,0,0,0,0,0,0,0,0,0,0,0,0,0,0,0,0,0,0,0,0,0,0,0,0.3768%,0.0141%,-0.3215%,-0.4932%,0.0000%,0.0694%,0.0615%,0.0698%,0.4806%,0.7249%,3.5916%,0,-0.4329%,1.0740%,0.7530%,1.8237%,1.0309%,2.2222%,0.6919%,0.5455%,0.7000%,1.7945%,0.8107%,1.0132%,0,0.2581%,3.4091%
1997 Q4,0.00%,0,0,0,0,0,0,0,0,0,0,0,0,0,0,0,0,0,0,0,0,0,0,0,0,0,0.0923%,0.0336%,-1.6438%,-0.2175%,0.0000%,0.0815%,0.1289%,0.0789%,0.0890%,0.6173%,2.7228%,0,-0.3277%,0.7589%,1.2069%,0.0000%,4.8947%,2.1505%,0.8470%,0.7339%,0.8537%,0.7133%,1.1603%,0.7804%,0,0.0818%,5.6065%
1996 Q4,0.00%,0,0,0,0,0,0,0,0,0,0,0,0,0,0,0,0,0,0,0,0,0,0,0,0,0,0.2897%,0.1491%,0.0000%,0.8981%,-0.1834%,0.0814%,0.1747%,0.0756%,0.1385%,1.6808%,6.3409%,0,-1.2523%,0.7436%,1.1126%,13.2500%,3.3023%,0.6757%,0.6688%,0.7947%,0.6619%,0.8718%,0.8797%,0.3881%,0,0.2211%,5.2209%
1995 Q4,0.00%,0,0,0,0,0,0,0,0,0,0,0,0,0,0,0,0,0,0,0,0,0,0,0,0,0,0.7378%,0.6309%,0.0000%,2.5018%,0.8722%,0.4124%,0.5775%,0.4022%,0.0777%,3.0020%,4.2860%,0,-1.2619%,1.2668%,1.0072%,3.2877%,1.9455%,1.5021%,0.5986%,1.1696%,0.5682%,1.3363%,2.3355%,2.4339%,0,3.5951%,9.8485%
1994 Q4,0.00%,0,0,0,0,0,0,0,0,0,0,0,0,0,0,0,0,0,0,0,0,0,0,0,0,0,1.6789%,2.2409%,6.6496%,6.3826%,1.1055%,0.6742%,0.6046%,0.6794%,0.3329%,2.8248%,4.1707%,0,3.0199%,1.8539%,2.5708%,13.9731%,6.0210%,2.4590%,0.7022%,0.7163%,0.7011%,2.1048%,2.0979%,1.9174%,0,8.7735%,7.1140%
1993 Q4,0.00%,0,0,0,0,0,0,0,0,0,0,0,0,0,0,0,0,0,0,0,0,0,0,0,0,0,1.8626%,2.1145%,2.7563%,4.8291%,0.8389%,0.7138%,0.7553%,0.7104%,2.0660%,3.3774%,5.0697%,0,6.2901%,4.0772%,4.1236%,3.6036%,12.4160%,7.5721%,0.7432%,0.5997%,0.7547%,5.1442%,2.7404%,2.2914%,0,14.6132%,4.4758%
